mean_fg_dice,ema_fg_dice,dice_per_class_or_region,train_losses,val_losses,lrs,epoch_start_timestamps,epoch_end_timestamps,Epoch
0.33683805942675615,0.33683805942675615,[0.33683805942675615],-0.119280696,-0.28370562,0.01,1786176176.3377063,1786176501.4848223,0
0.49150535882609414,0.35230478936668996,[0.49150535882609414],-0.34408715,-0.4387771,0.009969994993878174,1786176503.7833576,1786176730.1861272,1
0.6447053237925403,0.38154484280927503,[0.6447053237925403],-0.48867327,-0.54055667,0.009939979950939289,1786176733.3637214,1786176960.48527,2
0.518527378629164,0.3952430963912639,[0.518527378629164],-0.5120415,-0.488795,0.009909954834128341,1786176963.629173,1786177190.719701,3
0.6767727358083535,0.4233960603329729,[0.6767727358083535],-0.50461507,-0.6205701,0.009879919606128272,1786177193.9710321,1786177420.9759874,4
0.6534063982689814,0.44639709412657375,[0.6534063982689814],-0.56167763,-0.5737443,0.009849874229357219,1786177424.2049754,1786177651.2289088,5
0.6479599170753457,0.46655337642145095,[0.6479599170753457],-0.5967779,-0.57015073,0.009819818665965752,1786177654.2979317,1786177881.4173794,6
0.6283068155339081,0.4827287203326967,[0.6283068155339081],-0.5981487,-0.6389822,0.009789752877834037,1786177884.4992995,1786178111.5897799,7
0.6003590014505994,0.49449174844448696,[0.6003590014505994],-0.5533507,-0.60658,0.009759676826568975,1786178114.7947352,1786178341.7382374,8
0.5957693668199505,0.5046195102820333,[0.5957693668199505],-0.5913512,-0.56659746,0.009729590473501306,1786178344.753799,1786178571.955063,9
0.6622898771592476,0.5203865469697547,[0.6622898771592476],-0.61276525,-0.59949243,0.009699493779682662,1786178574.854058,1786178803.6044538,10
0.6092668875899419,0.5292745810317735,[0.6092668875899419],-0.61088145,-0.5992899,0.009669386705882589,1786178806.7604208,1786179034.194876,11
0.49131986520097604,0.5254791094486938,[0.49131986520097604],-0.6146575,-0.545625,0.009639269212585509,1786179037.3150718,1786179264.8633947,12
0.49784532909024753,0.5227157314128492,[0.49784532909024753],-0.60915536,-0.58956414,0.009609141259987667,1786179265.7192218,1786179493.4296482,13
0.7076814008393874,0.5412122983555031,[0.7076814008393874],-0.637268,-0.6269962,0.009579002807994003,1786179494.2903378,1786179721.960254,14
0.7045642045015008,0.5575474889701029,[0.7045642045015008],-0.6627585,-0.6829333,0.009548853816214998,1786179724.9240947,1786179952.5840912,15
0.7325778718863049,0.5750505272617231,[0.7325778718863049],-0.64630383,-0.7331846,0.009518694243963476,1786179955.6088853,1786180183.1180046,16
0.6784852598471354,0.5853940005202644,[0.6784852598471354],-0.65365607,-0.6370371,0.00948852405025135,1786180186.172215,1786180413.8817196,17
0.6289419821707457,0.5897487986853125,[0.6289419821707457],-0.6472301,-0.61136633,0.009458343193786321,1786180416.8033602,1786180644.8029282,18
0.7219837220177118,0.6029722910185524,[0.7219837220177118],-0.64344925,-0.6599315,0.009428151632968543,1786180647.942428,1786180875.9603982,19
0.6914606868291949,0.6118211305996167,[0.6914606868291949],-0.66093254,-0.6732744,0.009397949325887223,1786180879.1724467,1786181107.170411,20
0.7419061497591259,0.6248296325155677,[0.7419061497591259],-0.65867454,-0.64430094,0.009367736230317175,1786181110.3684468,1786181339.3875,21
0.652232060932863,0.6275698753572971,[0.652232060932863],-0.6146168,-0.6831791,0.009337512303715337,1786181342.3284025,1786181570.4959528,22
0.7494912945502652,0.639762017276594,[0.7494912945502652],-0.6447191,-0.65111405,0.009307277503217214,1786181573.6129684,1786181801.3484185,23
0.7138134954949928,0.6471671650984339,[0.7138134954949928],-0.67092174,-0.6762519,0.009277031785633282,1786181804.404212,1786182032.2479594,24
0.756872084477185,0.658137657036309,[0.756872084477185],-0.6520826,-0.7280461,0.009246775107445347,1786182035.333038,1786182263.5846477,25
0.7137403569673595,0.6636979270294141,[0.7137403569673595],-0.6603229,-0.68568426,0.009216507424802825,1786182266.5699944,1786182494.4864745,26
0.7157610578342324,0.6689042401098959,[0.7157610578342324],-0.6861421,-0.6549282,0.009186228693518995,1786182497.702158,1786182725.3908284,27
0.7310252554217667,0.675116341641083,[0.7310252554217667],-0.6773063,-0.7411963,0.009155938869067161,1786182728.41083,1786182955.8573508,28
0.7153872892648167,0.6791434364034563,[0.7153872892648167],-0.6878527,-0.67310065,0.009125637906576804,1786182958.8759289,1786183186.6994953,29
0.7476769287782625,0.6859967856409369,[0.7476769287782625],-0.67587095,-0.7040762,0.009095325760829623,1786183189.733093,1786183417.7022896,30
0.7888679951183729,0.6962839065886806,[0.7888679951183729],-0.6641597,-0.7191223,0.009065002386255554,1786183420.7505956,1786183648.9582858,31
0.769060103487472,0.7035615262785597,[0.769060103487472],-0.68173546,-0.6968138,0.009034667736928717,1786183651.8701022,1786183880.9522243,32
0.6744640661085735,0.700651780261561,[0.6744640661085735],-0.67622304,-0.7075407,0.00900432176656329,1786183883.9562829,1786184112.1705196,33
0.7323621056216789,0.7038228127975729,[0.7323621056216789],-0.69183856,-0.6993042,0.008973964428509338,1786184113.0350287,1786184341.4333954,34
0.7783332062827386,0.7112738521460894,[0.7783332062827386],-0.67033625,-0.6517908,0.008943595675748563,1786184344.4390457,1786184572.948511,35
0.7673733109974202,0.7168837980312225,[0.7673733109974202],-0.68113315,-0.68881625,0.00891321546089,1786184576.0425708,1786184804.7472832,36
0.7181837681191053,0.7170137950400107,[0.7181837681191053],-0.68171316,-0.7026348,0.008882823736165632,1786184807.6879568,1786185035.6257718,37
0.7384672290641427,0.719159138442424,[0.7384672290641427],-0.68843067,-0.68021274,0.00885242045342595,1786185038.6862786,1786185266.622289,38
0.7203718567408268,0.7192804102722643,[0.7203718567408268],-0.68233377,-0.6973648,0.008822005564135439,1786185269.8429515,1786185497.8095524,39
0.6937590130966843,0.7167282705547063,[0.6937590130966843],-0.65760756,-0.6230334,0.00879157901936799,1786185500.9994006,1786185729.097314,40
0.73970714282023,0.7190261577812587,[0.73970714282023],-0.6989065,-0.6902849,0.008761140769802247,1786185729.9717011,1786185958.1266057,41
0.7202864955540342,0.7191521915585363,[0.7202864955540342],-0.71154004,-0.6922966,0.00873069076571686,1786185958.980892,1786186186.7905345,42
0.7317551346204992,0.7204124858647325,[0.7317551346204992],-0.70503855,-0.7199399,0.0087002289569857,1786186187.6304648,1786186415.8241444,43
0.8013165347220839,0.7285028907504677,[0.8013165347220839],-0.69999987,-0.75738853,0.008669755293072956,1786186421.4304416,1786186649.7580314,44
0.7542406241053535,0.7310766640859563,[0.7542406241053535],-0.67944694,-0.7237895,0.008639269723028191,1786186652.7857208,1786186880.9202416,45
0.7121142233879733,0.729180420016158,[0.7121142233879733],-0.71635854,-0.68128985,0.008608772195481283,1786186884.0630946,1786187112.1808414,46
0.7735048382454531,0.7336128618390876,[0.7735048382454531],-0.704263,-0.73714775,0.008578262658637308,1786187113.044808,1786187341.124563,47
0.7912140661398174,0.7393729822691606,[0.7912140661398174],-0.67842555,-0.7612263,0.008547741060271343,1786187344.366716,1786187572.4878776,48
0.7883492555212076,0.7442706095943653,[0.7883492555212076],-0.6703614,-0.7405175,0.008517207347723163,1786187575.7267947,1786187803.8863094,49
0.8267048434342698,0.7525140329783557,[0.8267048434342698],-0.70585257,-0.73713213,0.008486661467891869,1786187808.4375567,1786188036.9931703,50
0.7145875430099603,0.7487213839815162,[0.7145875430099603],-0.71283484,-0.6959792,0.00845610336723042,1786188039.948719,1786188268.5924828,51
0.7981067615692392,0.7536599217402885,[0.7981067615692392],-0.68897593,-0.71054786,0.008425532991740082,1786188269.4781518,1786188498.0380175,52
0.811931286500475,0.7594870582163071,[0.811931286500475],-0.71845067,-0.7149374,0.008394950286964775,1786188500.9550977,1786188729.2437682,53
0.7412676386399245,0.7576651162586688,[0.7412676386399245],-0.7358901,-0.70167506,0.008364355197985339,1786188732.2165546,1786188960.2821429,54
0.7926398960344059,0.7611625942362426,[0.7926398960344059],-0.72431093,-0.7020775,0.008333747669413688,1786188962.3880692,1786189190.7125154,55
0.7680755179359805,0.7618538866062163,[0.7680755179359805],-0.70727247,-0.73442626,0.008303127645386883,1786189193.6533377,1786189421.7819717,56
0.7879598618576488,0.7644644841313596,[0.7879598618576488],-0.71988034,-0.7399159,0.008272495069561094,1786189424.7733614,1786189653.1373854,57
0.838792491301578,0.7718972848483814,[0.838792491301578],-0.71814215,-0.7624064,0.008241849885105465,1786189656.1255689,1786189884.1468277,58
0.7507636544900566,0.769783921812549,[0.7507636544900566],-0.7401943,-0.7446258,0.008211192034695874,1786189887.135617,1786190114.9516337,59
0.8068480666506564,0.7734903362963597,[0.8068480666506564],-0.71150255,-0.7768104,0.008180521460508584,1786190115.8437593,1786190343.6665237,60
0.7899032678536271,0.7751316294520865,[0.7899032678536271],-0.69111997,-0.7144759,0.008149838104213793,1786190346.6552196,1786190574.3477027,61
0.7621850061197974,0.7738369671188576,[0.7621850061197974],-0.70876074,-0.693218,0.00811914190696907,1786190577.4925857,1786190805.3300118,62
0.8200316449008305,0.778456434897055,[0.8200316449008305],-0.7192273,-0.7650593,0.008088432809412661,1786190806.1873982,1786191034.136397,63
0.7652328805917594,0.7771340794665255,[0.7652328805917594],-0.7049027,-0.6838516,0.008057710751656717,1786191037.298599,1786191265.202805,64
0.7801631167836809,0.7774369831982411,[0.7801631167836809],-0.70940506,-0.7278774,0.008026975673280368,1786191266.070397,1786191493.6102524,65
0.7460529255563589,0.7742985774340528,[0.7460529255563589],-0.74060917,-0.7321287,0.007996227513322693,1786191494.476574,1786191723.2554185,66
0.7634502296400616,0.7732137426546537,[0.7634502296400616],-0.6537971,-0.70260096,0.007965466210275558,1786191724.1221492,1786191952.1670742,67
0.8173710828866784,0.7776294766778562,[0.8173710828866784],-0.7080288,-0.74696785,0.007934691702076353,1786191953.03553,1786192180.7765791,68
0.8090499875000172,0.7807715277600724,[0.8090499875000172],-0.72810477,-0.70819473,0.007903903926100556,1786192181.629525,1786192409.7485244,69
0.7766590638046359,0.7803602813645287,[0.7766590638046359],-0.73279506,-0.7335737,0.007873102819154206,1786192412.8755789,1786192640.3084707,70
0.789777266105916,0.7813019798386676,[0.789777266105916],-0.732536,-0.73043203,0.007842288317466228,1786192641.1632001,1786192869.0762298,71
0.7892347062816284,0.7820952524829636,[0.7892347062816284],-0.72065574,-0.7626329,0.007811460356680608,1786192872.2740366,1786193100.3822465,72
0.7874570675077448,0.7826314339854418,[0.7874570675077448],-0.7002416,-0.74414134,0.007780618871848444,1786193103.5591128,1786193331.6669617,73
0.7789378679871091,0.7822620773856086,[0.7789378679871091],-0.6975832,-0.7213513,0.0077497637974198496,1786193334.8045137,1786193562.0717287,74
0.8482407732169908,0.7888599469687468,[0.8482407732169908],-0.7221925,-0.7904489,0.007718895067235705,1786193562.9275577,1786193790.4134562,75
0.7631637731602253,0.7862903295878947,[0.7631637731602253],-0.7306397,-0.7345092,0.007688012614519259,1786193793.5658448,1786194021.0277646,76
0.8258786276892635,0.7902491593980316,[0.8258786276892635],-0.6965322,-0.7276672,0.007657116371867591,1786194021.900408,1786194249.2251418,77
0.8044219126971811,0.7916664347279466,[0.8044219126971811],-0.72268313,-0.80656725,0.007626206271242884,1786194253.5279765,1786194481.1607413,78
0.7920619369079716,0.7917059849459491,[0.7920619369079716],-0.71370375,-0.7647538,0.007595282243963577,1786194484.3267612,1786194711.9555352,79
0.841093088406765,0.7966446952920307,[0.841093088406765],-0.6887975,-0.72623324,0.007564344220695323,1786194715.1826804,1786194942.9880965,80
0.7837346452315027,0.795353690285978,[0.7837346452315027],-0.71526927,-0.7209006,0.007533392131441786,1786194946.1109006,1786195173.7764797,81
0.7406382729807224,0.7898821485554525,[0.7406382729807224],-0.73026294,-0.69551283,0.0075024259055352805,1786195174.6474626,1786195402.6520164,82
0.8088493528812392,0.7917788689880312,[0.8088493528812392],-0.71190906,-0.73586386,0.007471445471627206,1786195403.5056462,1786195631.4682038,83
0.7660481077215242,0.7892057928613805,[0.7660481077215242],-0.7025231,-0.70895416,0.0074404507576783276,1786195632.3038137,1786195860.1108425,84
0.8441551034752772,0.7947007239227701,[0.8441551034752772],-0.7163169,-0.7298805,0.0074094416909488625,1786195860.9512777,1786196088.7677934,85
0.8273973890769049,0.7979703904381836,[0.8273973890769049],-0.7192468,-0.76483935,0.007378418197988369,1786196089.6064816,1786196317.2441933,86
0.7913510938539691,0.7973084607797623,[0.7913510938539691],-0.71473104,-0.7102602,0.007347380204625457,1786196320.3623035,1786196548.0790794,87
0.7231119435864224,0.7898888090604282,[0.7231119435864224],-0.74357796,-0.7222805,0.007316327635957289,1786196548.9352837,1786196776.8541691,88
0.7848137752367026,0.7893813056780556,[0.7848137752367026],-0.7102644,-0.6859911,0.007285260416338882,1786196777.7063634,1786197006.5067005,89
0.7719871419663316,0.7876418893068833,[0.7719871419663316],-0.7126044,-0.73875153,0.007254178469372199,1786197007.3463728,1786197235.1112072,90
0.8264028648759546,0.7915179868637905,[0.8264028648759546],-0.7124164,-0.7630128,0.0072230817178950395,1786197235.9594374,1786197463.6646109,91
0.792626101602834,0.7916287983376948,[0.792626101602834],-0.6989645,-0.7449425,0.007191970083969687,1786197464.5115955,1786197692.4090853,92
0.7413256114470048,0.7865984796486258,[0.7413256114470048],-0.71919686,-0.69305694,0.007160843488871357,1786197693.2470098,1786197921.0550723,93
0.5915149623171985,0.7670901279154831,[0.5915149623171985],-0.7047594,-0.66867864,0.007129701853076412,1786197921.8890674,1786198149.8187845,94
0.8024749341184222,0.7706286085357771,[0.8024749341184222],-0.71052057,-0.73857087,0.007098545096250324,1786198150.6645143,1786198378.1735609,95
0.827136650271014,0.7762794127093008,[0.827136650271014],-0.72143215,-0.7692266,0.007067373137235416,1786198379.0120282,1786198606.474273,96
0.8294138704439844,0.7815928584827692,[0.8294138704439844],-0.72654027,-0.7329745,0.007036185894038355,1786198607.32675,1786198834.230905,97
0.7683114861903231,0.7802647212535245,[0.7683114861903231],-0.72859526,-0.69880956,0.007004983283817374,1786198835.077635,1786199062.517107,98
0.7652486086634223,0.7787631099945144,[0.7652486086634223],-0.72992164,-0.72483855,0.006973765222869263,1786199063.3740945,1786199290.6963081,99
0.820756384564941,0.782962437451557,[0.820756384564941],-0.7201071,-0.73634756,0.006942531626616071,1786199294.0208008,1786199521.474858,100
0.7654545010132096,0.7812116438077223,[0.7654545010132096],-0.73078513,-0.7590025,0.0069112824095915425,1786199522.5027893,1786199750.8096519,101
0.7003718854854765,0.7731276679754978,[0.7003718854854765],-0.7109652,-0.6767696,0.006880017485427282,1786199751.6709769,1786199979.2609978,102
0.8152469995310928,0.7773396011310574,[0.8152469995310928],-0.7035795,-0.74713755,0.006848736766838626,1786199980.1132665,1786200207.9767957,103
0.8105463860870032,0.780660279626652,[0.8105463860870032],-0.7075236,-0.7043138,0.006817440165610207,1786200208.8501282,1786200436.6148455,104
0.7980695736502476,0.7824012090290116,[0.7980695736502476],-0.6999516,-0.74419814,0.006786127592581251,1786200437.459337,1786200665.1139364,105
0.7570748851542656,0.779868576641537,[0.7570748851542656],-0.74548584,-0.7298345,0.006754798957630525,1786200665.961595,1786200893.6653,106
0.7830500123429776,0.780186720211681,[0.7830500123429776],-0.7376604,-0.7203537,0.0067234541696609956,1786200894.508974,1786201122.1880853,107
0.8324795385663639,0.7854160020471493,[0.8324795385663639],-0.70514905,-0.76837736,0.006692093136584149,1786201123.0420134,1786201350.7229915,108
0.8531447763028602,0.7921888794727204,[0.8531447763028602],-0.7175013,-0.7715858,0.006660715765303977,1786201351.5763872,1786201579.573983,109
0.7998818421978797,0.7929581757452364,[0.7998818421978797],-0.74343705,-0.7926104,0.006629321961700618,1786201580.4579072,1786201808.0950472,110
0.7541505478913714,0.7890774129598499,[0.7541505478913714],-0.6950098,-0.749585,0.0065979116306136565,1786201808.945406,1786202036.9254205,111
0.7677932055600155,0.7869489922198665,[0.7677932055600155],-0.7388893,-0.72209287,0.006566484675825039,1786202037.78178,1786202266.0726416,112
0.7360877700408521,0.7818628700019651,[0.7360877700408521],-0.7456383,-0.70911,0.006535041000041637,1786202266.9456553,1786202495.8901756,113
0.8043631145602933,0.784112894457798,[0.8043631145602933],-0.7419076,-0.7466858,0.0065035805048774195,1786202496.7428691,1786202724.4970706,114
0.8255563440565938,0.7882572394176776,[0.8255563440565938],-0.74384105,-0.75050855,0.006472103090835231,1786202725.3660035,1786202952.8885179,115
0.7981037829301596,0.7892418937689257,[0.7981037829301596],-0.7392033,-0.75895804,0.006440608657288162,1786202953.7547486,1786203181.356042,116
0.8174703402685934,0.7920647384188925,[0.8174703402685934],-0.7227556,-0.7446077,0.006409097102460522,1786203182.2231812,1786203409.9179566,117
0.7912156999995732,0.7919798345769605,[0.7912156999995732],-0.7235218,-0.7292982,0.006377568323408364,1786203410.7891874,1786203638.3338046,118
0.8435021962557323,0.7971320707448377,[0.8435021962557323],-0.74665844,-0.73931587,0.006346022215999581,1786203639.1981082,1786203866.770711,119
0.8152733088849423,0.7989461945588483,[0.8152733088849423],-0.7203434,-0.755265,0.006314458674893553,1786203867.6578095,1786204095.2907279,120
0.8162798634456083,0.8006795614475243,[0.8162798634456083],-0.7370085,-0.7568183,0.006282877593520325,1786204098.7373493,1786204326.5245497,121
0.8183627448207412,0.802447879784846,[0.8183627448207412],-0.7520907,-0.7556246,0.006251278864059312,1786204329.908188,1786204558.1203072,122
0.793014378163804,0.8015045296227419,[0.793014378163804],-0.7247471,-0.7648031,0.006219662377417515,1786204561.4873123,1786204789.4354637,123
0.8095163928638525,0.802305715946853,[0.8095163928638525],-0.7326285,-0.7533117,0.0061880280232072165,1786204790.3012958,1786205019.0527296,124
0.7598645011440167,0.7980615944665693,[0.7598645011440167],-0.7351607,-0.74423635,0.006156375689723185,1786205019.916253,1786205248.2076666,125
0.8250160691901721,0.8007570419389296,[0.8250160691901721],-0.7433045,-0.7437616,0.006124705263919325,1786205249.07755,1786205477.1823509,126
0.8399161643689624,0.8046729541819329,[0.8399161643689624],-0.7273199,-0.7608874,0.0060930166313847645,1786205478.052802,1786205706.5242393,127
0.7676486648804692,0.8009705252517865,[0.7676486648804692],-0.7632567,-0.7211947,0.006061309676319416,1786205709.706444,1786205937.69936,128
0.8204397694038922,0.8029174496669971,[0.8204397694038922],-0.74264824,-0.7700691,0.0060295842815089205,1786205938.5619435,1786206166.6353538,129
0.8241104120729068,0.8050367459075881,[0.8241104120729068],-0.7239742,-0.72495353,0.005997840328298988,1786206167.4961789,1786206395.193121,130
0.7917073576275826,0.8037038070795876,[0.7917073576275826],-0.75723106,-0.7454035,0.005966077696569153,1786206398.2850792,1786206626.017395,131
0.8548000080201517,0.808813427173644,[0.8548000080201517],-0.75515884,-0.7636193,0.00593429626470586,1786206626.9075766,1786206854.620697,132
0.8455783439954916,0.8124899188558288,[0.8455783439954916],-0.75880873,-0.80170035,0.005902495909574899,1786206857.6968634,1786207085.689896,133
0.8186939524568383,0.8131103222159297,[0.8186939524568383],-0.7425758,-0.7402343,0.005870676506493183,1786207088.816847,1786207316.8990715,134
0.850606954921182,0.8168599854864549,[0.850606954921182],-0.7321948,-0.7884593,0.0058388379291998025,1786207320.0863795,1786207547.8356943,135
0.7876428423297192,0.8139382711707813,[0.7876428423297192],-0.71525323,-0.7047445,0.005806980049826374,1786207551.9423163,1786207780.0891626,136
0.7809673084268153,0.8106411748963848,[0.7809673084268153],-0.706285,-0.73504174,0.0057751027388666465,1786207780.9561572,1786208008.6243317,137
0.8188360796820028,0.8114606653749465,[0.8188360796820028],-0.7433675,-0.772531,0.005743205865145341,1786208009.4903133,1786208237.3347433,138
0.8127923216860361,0.8115938310060555,[0.8127923216860361],-0.7515894,-0.75578904,0.005711289295786201,1786208238.1865551,1786208466.3862498,139
0.7114451028006685,0.8015789581855168,[0.7114451028006685],-0.7681361,-0.7144314,0.005679352896179233,1786208467.2501504,1786208694.7939086,140
0.7984680457061089,0.801267866937576,[0.7984680457061089],-0.74031204,-0.70426583,0.005647396529947098,1786208695.6508985,1786208923.4009173,141
0.8241227837612705,0.8035533586199455,[0.8241227837612705],-0.7399181,-0.74891835,0.005615420058910647,1786208924.2628431,1786209151.9833398,142
0.8462941486119102,0.807827437619142,[0.8462941486119102],-0.7540359,-0.7546939,0.005583423343053557,1786209152.842272,1786209380.4603422,143
0.777975383695876,0.8048422322268154,[0.777975383695876],-0.7362221,-0.713517,0.0055514062404860365,1786209381.3214955,1786209609.11272,144
0.761760791261601,0.8005340881302939,[0.761760791261601],-0.75135684,-0.7224543,0.005519368607407594,1786209609.9741504,1786209837.8611994,145
0.8553047259760741,0.8060111519148719,[0.8553047259760741],-0.7284286,-0.7610793,0.005487310298068803,1786209838.7209678,1786210066.727689,146
0.7889706052674249,0.8043070972501273,[0.7889706052674249],-0.72053367,-0.6885226,0.005455231164732058,1786210067.5899646,1786210296.1056952,147
0.823733476311451,0.8062497351562596,[0.823733476311451],-0.73133063,-0.759604,0.005423131057631277,1786210296.9795582,1786210525.0431788,148
0.8231312024509301,0.8079378818857268,[0.8231312024509301],-0.72077394,-0.74582815,0.005391009824930518,1786210525.915912,1786210753.861302,149
0.8734927949177328,0.8144933731889274,[0.8734927949177328],-0.74622774,-0.7733732,0.005358867312681466,1786210756.8958514,1786210984.8646781,150
0.8219966466730523,0.81524370053734,[0.8219966466730523],-0.72509676,-0.7642272,0.005326703364779768,1786210985.722193,1786211214.1437926,151
0.8039046778797012,0.814109798271576,[0.8039046778797012],-0.77402043,-0.7753961,0.005294517822920153,1786211215.0082414,1786211443.0162303,152
0.8294059864104503,0.8156394170854635,[0.8294059864104503],-0.7375182,-0.76115453,0.005262310526550319,1786211443.8906693,1786211671.9071867,153
0.7664471035080787,0.8107201857277251,[0.7664471035080787],-0.7301128,-0.7292747,0.005230081312823526,1786211672.7749755,1786211900.794608,154
0.8397410594869682,0.8136222731036494,[0.8397410594869682],-0.7438486,-0.74993646,0.005197830016549862,1786211901.6780016,1786212129.7198792,155
0.8297774274921464,0.8152377885424992,[0.8297774274921464],-0.73648244,-0.7613732,0.00516555647014613,1786212130.6045,1786212358.4108472,156
0.8339267546376468,0.817106685152014,[0.8339267546376468],-0.75285816,-0.7281985,0.005133260503584304,1786212359.2832432,1786212587.0788014,157
0.8608226464917528,0.821478281285988,[0.8608226464917528],-0.7481023,-0.7653302,0.00510094194433851,1786212590.2469418,1786212817.9217157,158
0.7865546959562671,0.817985922753016,[0.7865546959562671],-0.7176924,-0.7015555,0.0050686006173304736,1786212821.0862205,1786213049.832507,159
0.8081666873435898,0.8170039992120733,[0.8081666873435898],-0.72503525,-0.7454655,0.005036236344873385,1786213050.7070909,1786213278.320218,160
0.7825370290795074,0.8135573021988167,[0.7825370290795074],-0.76202,-0.739921,0.0050038489466141135,1786213279.1949675,1786213506.894869,161
0.8302913609292681,0.8152307080718619,[0.8302913609292681],-0.7377716,-0.7318601,0.004971438239473716,1786213507.7783475,1786213735.568113,162
0.8126790275916166,0.8149755400238374,[0.8126790275916166],-0.7657873,-0.7245985,0.00493900403758619,1786213736.440413,1786213964.1687665,163
0.8259750316805424,0.816075489189508,[0.8259750316805424],-0.76657766,-0.75206846,0.004906546152235372,1786213965.055163,1786214193.2136624,164
0.7593634945520414,0.8104042897257613,[0.7593634945520414],-0.70896304,-0.73310006,0.004874064391789954,1786214194.0736744,1786214421.7653067,165
0.8124125635486367,0.8106051171080488,[0.8124125635486367],-0.7334518,-0.7483447,0.0048415585616365135,1786214422.6320508,1786214650.160499,166
0.6794666476354797,0.7974912701607919,[0.6794666476354797],-0.70852745,-0.7015601,0.00480902846411049,1786214651.0215726,1786214878.940099,167
0.8216251021916343,0.7999046533638762,[0.8216251021916343],-0.7282945,-0.7295333,0.004776473898425048,1786214879.8168974,1786215107.448604,168
0.7322051937333603,0.7931347074008246,[0.7322051937333603],-0.73671275,-0.70547885,0.004743894660597716,1786215108.3217769,1786215335.6531782,169
0.8139520624548388,0.7952164429062261,[0.8139520624548388],-0.7455264,-0.7537354,0.0047112905433747305,1786215336.5318556,1786215563.818776,170
0.7753716740596885,0.7932319660215723,[0.7753716740596885],-0.74537283,-0.7315867,0.004678661336153,1786215565.6478624,1786215793.2434514,171
0.8052619412635724,0.7944349635457724,[0.8052619412635724],-0.75685513,-0.7237326,0.0046460068248995795,1786215794.1165829,1786216021.4886107,172
0.8101692372923518,0.7960083909204303,[0.8101692372923518],-0.72252977,-0.71523744,0.0046133267920685705,1786216022.3650362,1786216249.9171948,173
0.835187018071883,0.7999262536355757,[0.835187018071883],-0.74126023,-0.7905982,0.0045806210165153325,1786216250.7967854,1786216478.1424341,174
0.8237064057147534,0.8023042688434935,[0.8237064057147534],-0.73221195,-0.7575781,0.004547889273407903,1786216479.015747,1786216706.3685186,175
0.8495203462275933,0.8070258765819035,[0.8495203462275933],-0.72817695,-0.77080053,0.00451513133413552,1786216707.2421885,1786216934.4927454,176
0.7389544639546877,0.8002187353191819,[0.7389544639546877],-0.73362267,-0.72166955,0.004482346966214095,1786216935.3772488,1786217162.9234765,177
0.8064106916505651,0.8008379309523203,[0.8064106916505651],-0.7387102,-0.7493345,0.004449535933188559,1786217163.7939763,1786217391.8008566,178
0.8776263030574029,0.8085167681628285,[0.8776263030574029],-0.74492407,-0.7834634,0.004416697994531917,1786217392.6730008,1786217620.1804357,179
0.7815628889067961,0.8058213802372253,[0.7815628889067961],-0.7447981,-0.751216,0.0043838329055408696,1786217621.068113,1786217848.73765,180
0.8434162705001172,0.8095808692635145,[0.8434162705001172],-0.7493781,-0.76906854,0.00435094041722788,1786217849.6133196,1786218077.1084166,181
0.8309533951620339,0.8117181218533664,[0.8309533951620339],-0.7648034,-0.77799064,0.0043180202762095185,1786218077.9897523,1786218305.3709052,182
0.7516528125970299,0.8057115909277328,[0.7516528125970299],-0.75679237,-0.72199476,0.004285072224590917,1786218307.1793053,1786218534.6890147,183
0.872837800440148,0.8124242118789744,[0.872837800440148],-0.7504905,-0.80992424,0.004252095999846183,1786218535.5743737,1786218762.7636027,184
0.8341680245021887,0.8145985931412959,[0.8341680245021887],-0.74874765,-0.74380136,0.004219091334694578,1786218763.6506217,1786218991.3427007,185
0.805896676676782,0.8137284014948445,[0.805896676676782],-0.75469595,-0.70185816,0.004186057956972281,1786218992.2423153,1786219219.6677196,186
0.823252652583249,0.8146808266036849,[0.823252652583249],-0.7634296,-0.764191,0.0041529955894995425,1786219220.54771,1786219447.9890137,187
0.7903693288895878,0.8122496768322752,[0.7903693288895878],-0.7499435,-0.7343724,0.004119903949943003,1786219448.8827379,1786219676.5089216,188
0.8385981511272728,0.814884524261775,[0.8385981511272728],-0.75896454,-0.76300585,0.004086782750672989,1786219677.3956778,1786219904.7800994,189
0.8080551741828665,0.8142015892538842,[0.8080551741828665],-0.77639014,-0.74340326,0.004053631698615512,1786219905.649461,1786220133.242359,190
0.7946968596882601,0.8122511162973217,[0.7946968596882601],-0.76573324,-0.734768,0.004020450495098766,1786220134.1193285,1786220361.8472245,191
0.8230006847736763,0.8133260731449572,[0.8230006847736763],-0.7805816,-0.77429086,0.003987238835693844,1786220362.7296503,1786220590.4813805,192
0.8044371379602782,0.8124371796264893,[0.8044371379602782],-0.7735807,-0.7759233,0.003953996410049396,1786220591.3562462,1786220819.1891234,193
0.8185398091654301,0.8130474425803834,[0.8185398091654301],-0.7525935,-0.76004785,0.003920722901719959,1786220820.0657468,1786221048.452325,194
0.7905596627083815,0.8107986645931833,[0.7905596627083815],-0.7730424,-0.7519693,0.0038874179879876346,1786221049.3574393,1786221277.2417073,195
0.819523080593698,0.8116711061932348,[0.819523080593698],-0.7646267,-0.70901567,0.003854081339676813,1786221278.1257434,1786221505.9744768,196
0.8535596486887579,0.8158599604427871,[0.8535596486887579],-0.74002177,-0.7755993,0.003820712620961567,1786221506.8653886,1786221734.7453718,197
0.8389316941207319,0.8181671338105816,[0.8389316941207319],-0.7566276,-0.7612497,0.0037873114891653933,1786221735.626269,1786221963.3228512,198
0.8252433787509782,0.8188747583046213,[0.8252433787509782],-0.7443756,-0.770707,0.0037538775945529,1786221964.212449,1786222191.9489484,199
0.8407877288370919,0.8210660553578684,[0.8407877288370919],-0.7555213,-0.7926112,0.003720410580113015,1786222195.0956624,1786222422.6871934,200
0.8140541698830144,0.8203648668103829,[0.8140541698830144],-0.74711204,-0.76631117,0.0036869100813333197,1786222423.5693605,1786222650.8121495,201
0.8052430924136921,0.8188526893707139,[0.8052430924136921],-0.73854643,-0.7649893,0.003653375725965026,1786222651.7024457,1786222879.0896814,202
0.7928446957427354,0.8162518900079161,[0.7928446957427354],-0.75972706,-0.71225524,0.0036198071337781054,1786222880.1107662,1786223107.3362925,203
0.8130632866366385,0.8159330296707883,[0.8130632866366385],-0.7548408,-0.7552356,0.003586203916306077,1786223108.2110162,1786223335.6299891,204
0.7996032622156573,0.8143000529252753,[0.7996032622156573],-0.7648311,-0.7403619,0.0035525656765798812,1786223336.5243516,1786223564.011839,205
0.8495392436657271,0.8178239719993204,[0.8495392436657271],-0.73529834,-0.7815829,0.003518892008850255,1786223564.8681898,1786223793.1549993,206
0.8433881797137511,0.8203803927707635,[0.8433881797137511],-0.7669142,-0.7669002,0.0034851824982980034,1786223794.015732,1786224021.5732338,207
0.8246467823427898,0.8208070317279661,[0.8246467823427898],-0.76560646,-0.76930463,0.003451436720731479,1786224022.4340043,1786224250.1265094,208
0.8493255357722891,0.8236588821323985,[0.8493255357722891],-0.74607545,-0.786803,0.003417654242270582,1786224250.9953098,1786224478.9047368,209
0.8251936379618375,0.8238123577153423,[0.8251936379618375],-0.76025754,-0.7978741,0.0033838346190164987,1786224482.0391457,1786224709.9907134,210
0.8280854400994491,0.824239665953753,[0.8280854400994491],-0.76190245,-0.7745634,0.003349977396706397,1786224713.0173392,1786224940.9666767,211
0.7615156177503916,0.8179672611334168,[0.7615156177503916],-0.7721904,-0.74861634,0.0033160821103522054,1786224944.029672,1786225171.8931093,212
0.7337527595321692,0.809545810973292,[0.7337527595321692],-0.7487272,-0.68623376,0.0032821482838625376,1786225172.7409475,1786225400.586847,213
0.8127550359790625,0.8098667334738691,[0.8127550359790625],-0.771915,-0.7457806,0.0032481754296467998,1786225401.4653556,1786225629.283248,214
0.8140259282959713,0.8102826529560794,[0.8140259282959713],-0.7732492,-0.7023891,0.003214163048200412,1786225630.1352143,1786225857.7779107,215
0.8630038030474504,0.8155547679652165,[0.8630038030474504],-0.7351865,-0.7804231,0.003180110627669995,1786225858.6356113,1786226086.6836658,216
0.8655219375949912,0.8205514849281941,[0.8655219375949912],-0.761892,-0.79636025,0.0031460176433973338,1786226087.5391786,1786226315.5483546,217
0.8102238909935027,0.8195187255347249,[0.8102238909935027],-0.7484098,-0.77055573,0.0031118835574407942,1786226317.325759,1786226545.3343859,218
0.838337191860116,0.821400572167264,[0.838337191860116],-0.73179424,-0.7592029,0.0030777078180727847,1786226546.1947033,1786226774.1590543,219
0.8055521732956752,0.8198157322801052,[0.8055521732956752],-0.74678785,-0.7366444,0.003043489859251771,1786226775.0220325,1786227002.8340905,220
0.7827617595471795,0.8161103350068126,[0.7827617595471795],-0.7829061,-0.73478895,0.0030092291000672097,1786227003.6979032,1786227231.4513044,221
0.8259433172577902,0.8170936332319104,[0.8259433172577902],-0.75020385,-0.7851419,0.0029749249441556524,1786227232.3164415,1786227460.1353436,222
0.8391206563937406,0.8192963355480934,[0.8391206563937406],-0.7749608,-0.7780617,0.0029405767790861305,1786227461.0036895,1786227688.749452,223
0.7684609729013846,0.8142127992834226,[0.7684609729013846],-0.7501779,-0.73017156,0.002906183975712791,1786227689.603974,1786227917.5405965,224
0.8173128942476042,0.8145228087798408,[0.8173128942476042],-0.7576519,-0.7628495,0.0028717458874925874,1786227918.3957648,1786228146.1296773,225
0.8142257981536973,0.8144931077172265,[0.8142257981536973],-0.75456434,-0.74262094,0.002837261849765625,1786228146.9847953,1786228374.7841525,226
0.8348783687069925,0.8165316338162031,[0.8348783687069925],-0.7593497,-0.77969515,0.002802731178995616,1786228375.633221,1786228603.4371111,227
0.8537557110463813,0.8202540415392209,[0.8537557110463813],-0.7767142,-0.7845015,0.002768153171967635,1786228604.2959578,1786228832.3079183,228
0.8494755830845613,0.8231761956937549,[0.8494755830845613],-0.74615073,-0.8008169,0.0027335271049401476,1786228833.166077,1786229061.2199454,229
0.7671555432545578,0.8175741304498352,[0.7671555432545578],-0.7594071,-0.73043555,0.0026988522327480364,1786229062.9942298,1786229290.9134302,230
0.8022063141023171,0.8160373488150834,[0.8022063141023171],-0.7504436,-0.7561195,0.002664127787853039,1786229291.7722156,1786229519.5337217,231
0.784910509104613,0.8129246648440364,[0.784910509104613],-0.78411597,-0.7423543,0.0026293529793377153,1786229520.3887434,1786229748.0894375,232
0.8678235949838086,0.8184145578580136,[0.8678235949838086],-0.7729538,-0.81431556,0.002594526991838701,1786229748.9519532,1786229976.7550075,233
0.8878040003306862,0.8253535021052809,[0.8878040003306862],-0.7837384,-0.7913826,0.0025596489844146204,1786229977.626295,1786230205.2352753,234
0.814720347280115,0.8242901866227643,[0.814720347280115],-0.77192897,-0.78516334,0.0025247180893436146,1786230208.2424955,1786230435.960459,235
0.8729802282039826,0.8291591907808862,[0.8729802282039826],-0.7847311,-0.820909,0.0024897334108449362,1786230436.8160625,1786230664.3765547,236
0.8781970322659597,0.8340629749293935,[0.8781970322659597],-0.76667136,-0.80581176,0.0024546940237185756,1786230667.4773302,1786230895.1433625,237
0.8604682065492351,0.8367034980913777,[0.8604682065492351],-0.7688264,-0.77151304,0.00241959897189627,1786230898.2896347,1786231126.032615,238
0.8174520915917293,0.8347783574414128,[0.8174520915917293],-0.7898434,-0.688651,0.0023844472668965795,1786231129.2000942,1786231357.1503744,239
0.7621647551440458,0.8275169972116762,[0.7621647551440458],-0.7686952,-0.7457505,0.0023492378861760376,1786231358.0143673,1786231585.808593,240
0.819182757389092,0.8266835732294178,[0.819182757389092],-0.7738624,-0.78699255,0.002313969771367498,1786231586.6717849,1786231815.1062572,241
0.8473159815093263,0.8287468140574087,[0.8473159815093263],-0.7708213,-0.7304881,0.0022786418263959327,1786231815.9942398,1786232043.7623231,242
0.8467197835593849,0.8305441110076064,[0.8467197835593849],-0.766031,-0.76756525,0.002243252915460891,1786232044.651431,1786232272.4338546,243
0.7950856639341976,0.8269982663002655,[0.7950856639341976],-0.7683059,-0.7163454,0.002207801860873682,1786232273.3484037,1786232501.3865278,244
0.8620348221484879,0.8305019218850878,[0.8620348221484879],-0.771032,-0.7883082,0.0021722874407360112,1786232502.2617195,1786232729.752235,245
0.8764790966241097,0.83509963935899,[0.8764790966241097],-0.77176476,-0.79654485,0.002136708386445385,1786232730.6238177,1786232958.0255377,246
0.8071499745024783,0.8323046728733389,[0.8071499745024783],-0.7658606,-0.73543817,0.0021010633800108707,1786232958.8920665,1786233186.5812926,247
0.8425562551524888,0.8333298311012539,[0.8425562551524888],-0.7611952,-0.75405085,0.0020653510511609665,1786233187.4641824,1786233415.3314652,248
0.8770328882874723,0.8377001368198758,[0.8770328882874723],-0.77126837,-0.7955263,0.00202956997422314,1786233416.2021348,1786233644.21364,249
0.8349603515166062,0.8374261582895488,[0.8349603515166062],-0.79518247,-0.7428404,0.001993718664752192,1786233649.3811033,1786233877.113998,250
0.7796515887444713,0.8316487013350411,[0.7796515887444713],-0.77713954,-0.74697256,0.0019577955758817893,1786233877.9885569,1786234105.5061224,251
0.8259432555072305,0.83107815675226,[0.8259432555072305],-0.7725336,-0.7642948,0.0019217990943702903,1786234106.395401,1786234334.3150346,252
0.8076556348370338,0.8287359045607374,[0.8076556348370338],-0.76465696,-0.74737406,0.0018857275363083645,1786234335.2320375,1786234564.0853472,253
0.8466867772675981,0.8305309918314235,[0.8466867772675981],-0.7740615,-0.7839421,0.0018495791424516434,1786234564.975716,1786234792.9440734,254
0.81217470708534,0.8286953633568153,[0.81217470708534],-0.78144467,-0.73026174,0.0018133520731367456,1786234793.8529263,1786235021.6458118,255
0.8275113604207933,0.8285769630632132,[0.8275113604207933],-0.7511842,-0.72791743,0.0017770444027334202,1786235022.5392568,1786235250.149954,256
0.7654637191562521,0.822265638672517,[0.7654637191562521],-0.76389563,-0.7566763,0.001740654113578931,1786235251.0366771,1786235478.8513858,257
0.8392672187574198,0.8239657966810073,[0.8392672187574198],-0.7847031,-0.74603903,0.0017041790893331675,1786235479.732717,1786235707.274547,258
0.7794649894242859,0.8195157159553351,[0.7794649894242859],-0.7664695,-0.77282745,0.0016676171076840396,1786235708.136513,1786235936.0986495,259
0.8339614166711181,0.8209602860269135,[0.8339614166711181],-0.79245985,-0.8038082,0.0016309658323221824,1786235936.9633923,1786236164.714128,260
0.8178422374378168,0.8206484811680038,[0.8178422374378168],-0.7779712,-0.7764094,0.0015942228040916463,1786236165.5882576,1786236393.5674546,261
0.8649271143671505,0.8250763444879186,[0.8649271143671505],-0.77280444,-0.80057245,0.001557385431208595,1786236394.4527266,1786236622.2862678,262
0.7990532008472823,0.8224740301238549,[0.7990532008472823],-0.79003257,-0.77841127,0.0015204509784227153,1786236623.140455,1786236850.8434057,263
0.8033165988725216,0.8205582869987216,[0.8033165988725216],-0.77669317,-0.7439813,0.0014834165549752873,1786236851.7231686,1786237079.3904617,264
0.827353940548609,0.8212378523537103,[0.827353940548609],-0.77456766,-0.76671064,0.0014462791011830847,1786237082.1330452,1786237309.8243113,265
0.8647366200067323,0.8255877291190126,[0.8647366200067323],-0.77664226,-0.7791672,0.0014090353734474504,1786237310.72073,1786237538.5408347,266
0.8353759706554683,0.8265665532726582,[0.8353759706554683],-0.78163964,-0.7688193,0.0013716819274517819,1786237539.4088738,1786237766.8839116,267
0.8512649826133692,0.8290363962067292,[0.8512649826133692],-0.79217017,-0.77288026,0.0013342150992667861,1786237767.7682567,1786237995.3996916,268
0.8698781561732232,0.8331205722033785,[0.8698781561732232],-0.7821212,-0.7816242,0.0012966309840292606,1786237996.2612338,1786238223.7095864,269
0.8864755196660159,0.8384560669496423,[0.8864755196660159],-0.77630293,-0.80706817,0.001258925411794167,1786238224.571194,1786238452.501133,270
0.8408454562823169,0.8386950058829097,[0.8408454562823169],-0.7709404,-0.7266325,0.0012210939200781958,1786238455.6139634,1786238683.239614,271
0.8399836867962416,0.838823873974243,[0.8399836867962416],-0.7896291,-0.744399,0.0011831317225113292,1786238686.3657124,1786238913.989535,272
0.8549749352974051,0.8404389801065593,[0.8549749352974051],-0.7602076,-0.76987815,0.0011450336728854526,1786238917.044271,1786239144.8575318,273
0.8490402879015774,0.841299110886061,[0.8490402879015774],-0.7832869,-0.7762316,0.001106794223727881,1786239148.0383596,1786239375.7657619,274
0.8277721171912185,0.8399464115165768,[0.8277721171912185],-0.7868619,-0.7761738,0.0010684073783223467,1786239378.9095554,1786239606.701321,275
0.7964639048627739,0.8355981608511965,[0.7964639048627739],-0.77472353,-0.7768513,0.0010298666348361786,1786239607.563104,1786239836.0502048,276
0.8693524111821107,0.8389735858842879,[0.8693524111821107],-0.7755321,-0.799382,0.0009911649208701528,1786239836.9202826,1786240064.3452294,277
0.8022470817071844,0.8353009354665777,[0.8022470817071844],-0.7792468,-0.7471338,0.000952294516299169,1786240065.2191167,1786240292.8586009,278
0.8089086913218976,0.8326617110521097,[0.8089086913218976],-0.7806287,-0.7823178,0.0009132469616782772,1786240293.725451,1786240521.4393106,279
0.8511952202559278,0.8345150619724916,[0.8511952202559278],-0.7768784,-0.80991745,0.0008740129486931664,1786240522.3085175,1786240749.9381545,280
0.8764035283800746,0.83870390861325,[0.8764035283800746],-0.7754689,-0.78548414,0.000834582188055007,1786240750.7931163,1786240978.40543,281
0.8210584896093048,0.8369393667128555,[0.8210584896093048],-0.78578335,-0.7711879,0.0007949432487547622,1786240979.260085,1786241207.0159023,282
0.754185988374319,0.8286640288790019,[0.754185988374319],-0.7734134,-0.75681573,0.0007550833605179464,1786241207.8906035,1786241435.7570114,283
0.8241829663901677,0.8282159226301186,[0.8241829663901677],-0.77782005,-0.730457,0.0007149881683546839,1786241436.6048958,1786241664.6175315,284
0.8218064453580068,0.8275749749029073,[0.8218064453580068],-0.79074216,-0.78679544,0.0006746414238367822,1786241665.474147,1786241893.3027024,285
0.8440648496080301,0.8292239623734197,[0.8440648496080301],-0.7856266,-0.78917646,0.0006340245914362474,1786241894.1586745,1786242121.7872705,286
0.8610205116628797,0.8324036173023657,[0.8610205116628797],-0.7994801,-0.76177245,0.0005931163387399998,1786242122.6540012,1786242350.3453312,287
0.8295993115642647,0.8321231867285557,[0.8295993115642647],-0.8066276,-0.7605149,0.0005518918645844864,1786242351.2201474,1786242579.8858902,288
0.8190010249610401,0.8308109705518042,[0.8190010249610401],-0.7754873,-0.77754956,0.0005103219955441417,1786242580.754463,1786242808.5552843,289
0.8505881511456915,0.8327886886111929,[0.8505881511456915],-0.80328095,-0.7933616,0.00046837194216121523,1786242809.4227633,1786243037.5220273,290
0.8668995646810941,0.8361997762181831,[0.8668995646810941],-0.7739773,-0.77236533,0.0004259995391188707,1786243038.3949854,1786243266.3280182,291
0.8471828272590513,0.8372980813222699,[0.8471828272590513],-0.7886336,-0.78336686,0.00038315267243499006,1786243267.2048395,1786243494.8928485,292
0.8657500409891957,0.8401432772889625,[0.8657500409891957],-0.8051576,-0.76713336,0.00033976536584839277,1786243495.7611017,1786243723.7182136,293
0.7913725748837275,0.835266207048439,[0.7913725748837275],-0.78079224,-0.72900194,0.000295751527325663,1786243724.609827,1786243952.7895062,294
0.8631192975861236,0.8380515161022075,[0.8631192975861236],-0.79005015,-0.8020377,0.0002509943091024878,1786243953.6662757,1786244181.806342,295
0.8322570653778337,0.8374720710297702,[0.8322570653778337],-0.7881806,-0.7226723,0.0002053264332078417,1786244182.682778,1786244410.8261786,296
0.8713346244154023,0.8408583263683334,[0.8713346244154023],-0.78596914,-0.80431503,0.00015848931924611145,1786244411.6968043,1786244639.7838244,297
0.815611137055075,0.8383336074370076,[0.815611137055075],-0.790923,-0.77628636,0.00011003171113469855,1786244640.6584291,1786244868.9558136,298
0.8521694762250525,0.8397171943158122,[0.8521694762250525],-0.78736585,-0.70964503,5.896453401581364e-05,1786244869.8302748,1786245097.8995595,299
