case_id,split,has_label,has_image_folder,gz_channel_count,selected_channels,missing_selected_channels,status,reason
DUKE_001,train,True,True,5,"0,1,2",,included,
DUKE_002,train,True,True,4,"0,1,2",,included,
DUKE_005,train,True,True,4,"0,1,2",,included,
DUKE_009,train,True,True,4,"0,1,2",,included,
DUKE_010,train,True,True,4,"0,1,2",,included,
DUKE_012,train,True,True,4,"0,1,2",,included,
DUKE_019,test,True,True,4,"0,1,2",,included,
DUKE_021,test,True,True,4,"0,1,2",,included,
DUKE_022,train,True,True,5,"0,1,2",,included,
DUKE_028,test,True,True,4,"0,1,2",,included,
DUKE_032,train,True,True,5,"0,1,2",,included,
DUKE_034,train,True,True,5,"0,1,2",,included,
DUKE_040,train,True,True,5,"0,1,2",,included,
DUKE_041,train,True,True,5,"0,1,2",,included,
DUKE_043,train,True,True,5,"0,1,2",,included,
DUKE_044,test,True,True,5,"0,1,2",,included,
DUKE_045,train,True,True,4,"0,1,2",,included,
DUKE_046,test,True,True,4,"0,1,2",,included,
DUKE_048,train,True,True,4,"0,1,2",,included,
DUKE_051,train,True,True,4,"0,1,2",,included,
DUKE_055,test,True,True,5,"0,1,2",,included,
DUKE_057,test,True,True,4,"0,1,2",,included,
DUKE_059,train,True,True,4,"0,1,2",,included,
DUKE_060,test,True,True,5,"0,1,2",,included,
DUKE_061,train,True,True,4,"0,1,2",,included,
DUKE_064,train,True,True,5,"0,1,2",,included,
DUKE_069,test,True,True,5,"0,1,2",,included,
DUKE_071,train,True,True,4,"0,1,2",,included,
DUKE_077,train,True,True,5,"0,1,2",,included,
DUKE_082,train,True,True,4,"0,1,2",,included,
DUKE_086,test,True,True,4,"0,1,2",,included,
DUKE_090,train,True,True,4,"0,1,2",,included,
DUKE_091,train,True,True,5,"0,1,2",,included,
DUKE_097,train,True,True,4,"0,1,2",,included,
DUKE_099,test,True,True,5,"0,1,2",,included,
DUKE_101,test,True,True,5,"0,1,2",,included,
DUKE_103,train,True,True,3,"0,1,2",,included,
DUKE_104,train,True,True,4,"0,1,2",,included,
DUKE_105,train,True,True,5,"0,1,2",,included,
DUKE_107,train,True,True,5,"0,1,2",,included,
DUKE_114,train,True,True,4,"0,1,2",,included,
DUKE_115,train,True,True,5,"0,1,2",,included,
DUKE_116,test,True,True,4,"0,1,2",,included,
DUKE_117,train,True,True,4,"0,1,2",,included,
DUKE_119,train,True,True,5,"0,1,2",,included,
DUKE_120,test,True,True,5,"0,1,2",,included,
DUKE_123,train,True,True,5,"0,1,2",,included,
DUKE_129,train,True,True,5,"0,1,2",,included,
DUKE_132,train,True,True,4,"0,1,2",,included,
DUKE_134,test,True,True,5,"0,1,2",,included,
DUKE_136,test,True,True,5,"0,1,2",,included,
DUKE_137,train,True,True,4,"0,1,2",,included,
DUKE_141,train,True,True,4,"0,1,2",,included,
DUKE_142,train,True,True,4,"0,1,2",,included,
DUKE_144,train,True,True,4,"0,1,2",,included,
DUKE_148,train,True,True,5,"0,1,2",,included,
DUKE_150,train,True,True,5,"0,1,2",,included,
DUKE_156,train,True,True,4,"0,1,2",,included,
DUKE_157,test,True,True,4,"0,1,2",,included,
DUKE_160,train,True,True,5,"0,1,2",,included,
DUKE_163,test,True,True,5,"0,1,2",,included,
DUKE_167,test,True,True,4,"0,1,2",,included,
DUKE_168,train,True,True,4,"0,1,2",,included,
DUKE_176,train,True,True,5,"0,1,2",,included,
DUKE_177,train,True,True,4,"0,1,2",,included,
DUKE_178,train,True,True,4,"0,1,2",,included,
DUKE_180,train,True,True,4,"0,1,2",,included,
DUKE_183,train,True,True,4,"0,1,2",,included,
DUKE_185,train,True,True,4,"0,1,2",,included,
DUKE_189,test,True,True,5,"0,1,2",,included,
DUKE_192,train,True,True,4,"0,1,2",,included,
DUKE_198,train,True,True,5,"0,1,2",,included,
DUKE_202,train,True,True,4,"0,1,2",,included,
DUKE_205,test,True,True,4,"0,1,2",,included,
DUKE_211,train,True,True,5,"0,1,2",,included,
DUKE_217,train,True,True,5,"0,1,2",,included,
DUKE_218,train,True,True,5,"0,1,2",,included,
DUKE_225,train,True,True,4,"0,1,2",,included,
DUKE_228,train,True,True,5,"0,1,2",,included,
DUKE_233,train,True,True,4,"0,1,2",,included,
DUKE_234,test,True,True,4,"0,1,2",,included,
DUKE_236,train,True,True,5,"0,1,2",,included,
DUKE_237,test,True,True,4,"0,1,2",,included,
DUKE_239,train,True,True,4,"0,1,2",,included,
DUKE_240,train,True,True,4,"0,1,2",,included,
DUKE_244,test,True,True,5,"0,1,2",,included,
DUKE_250,train,True,True,4,"0,1,2",,included,
DUKE_253,test,True,True,3,"0,1,2",,included,
DUKE_255,train,True,True,4,"0,1,2",,included,
DUKE_256,train,True,True,4,"0,1,2",,included,
DUKE_258,train,True,True,3,"0,1,2",,included,
DUKE_260,train,True,True,5,"0,1,2",,included,
DUKE_265,train,True,True,5,"0,1,2",,included,
DUKE_268,train,True,True,4,"0,1,2",,included,
DUKE_269,train,True,True,5,"0,1,2",,included,
DUKE_271,test,True,True,5,"0,1,2",,included,
DUKE_275,train,True,True,4,"0,1,2",,included,
DUKE_282,train,True,True,3,"0,1,2",,included,
DUKE_283,test,True,True,4,"0,1,2",,included,
DUKE_285,test,True,True,4,"0,1,2",,included,
DUKE_287,test,True,True,4,"0,1,2",,included,
DUKE_290,train,True,True,4,"0,1,2",,included,
DUKE_293,train,True,True,4,"0,1,2",,included,
DUKE_298,train,True,True,4,"0,1,2",,included,
DUKE_301,train,True,True,5,"0,1,2",,included,
DUKE_303,test,True,True,5,"0,1,2",,included,
DUKE_304,train,True,True,5,"0,1,2",,included,
DUKE_306,train,True,True,5,"0,1,2",,included,
DUKE_307,test,True,True,4,"0,1,2",,included,
DUKE_313,train,True,True,4,"0,1,2",,included,
DUKE_317,test,True,True,4,"0,1,2",,included,
DUKE_321,train,True,True,5,"0,1,2",,included,
DUKE_323,test,True,True,4,"0,1,2",,included,
DUKE_328,train,True,True,5,"0,1,2",,included,
DUKE_333,train,True,True,5,"0,1,2",,included,
DUKE_335,train,True,True,5,"0,1,2",,included,
DUKE_338,train,True,True,5,"0,1,2",,included,
DUKE_345,train,True,True,5,"0,1,2",,included,
DUKE_346,test,True,True,4,"0,1,2",,included,
DUKE_350,train,True,True,4,"0,1,2",,included,
DUKE_353,test,True,True,4,"0,1,2",,included,
DUKE_356,train,True,True,5,"0,1,2",,included,
DUKE_360,train,True,True,5,"0,1,2",,included,
DUKE_363,train,True,True,4,"0,1,2",,included,
DUKE_368,train,True,True,4,"0,1,2",,included,
DUKE_377,test,True,True,4,"0,1,2",,included,
DUKE_378,train,True,True,5,"0,1,2",,included,
DUKE_383,test,True,True,5,"0,1,2",,included,
DUKE_385,test,True,True,4,"0,1,2",,included,
DUKE_386,train,True,True,5,"0,1,2",,included,
DUKE_387,train,True,True,5,"0,1,2",,included,
DUKE_395,train,True,True,4,"0,1,2",,included,
DUKE_397,test,True,True,4,"0,1,2",,included,
DUKE_398,test,True,True,4,"0,1,2",,included,
DUKE_399,train,True,True,5,"0,1,2",,included,
DUKE_400,train,True,True,5,"0,1,2",,included,
DUKE_406,train,True,True,5,"0,1,2",,included,
DUKE_407,train,True,True,4,"0,1,2",,included,
DUKE_408,test,True,True,5,"0,1,2",,included,
DUKE_412,train,True,True,4,"0,1,2",,included,
DUKE_414,test,True,True,4,"0,1,2",,included,
DUKE_420,test,True,True,4,"0,1,2",,included,
DUKE_424,test,True,True,5,"0,1,2",,included,
DUKE_428,test,True,True,4,"0,1,2",,included,
DUKE_429,train,True,True,4,"0,1,2",,included,
DUKE_431,test,True,True,5,"0,1,2",,included,
DUKE_435,train,True,True,5,"0,1,2",,included,
DUKE_437,train,True,True,4,"0,1,2",,included,
DUKE_438,test,True,True,4,"0,1,2",,included,
DUKE_441,train,True,True,5,"0,1,2",,included,
DUKE_444,train,True,True,4,"0,1,2",,included,
DUKE_454,train,True,True,4,"0,1,2",,included,
DUKE_457,test,True,True,5,"0,1,2",,included,
DUKE_464,train,True,True,5,"0,1,2",,included,
DUKE_465,train,True,True,4,"0,1,2",,included,
DUKE_468,train,True,True,4,"0,1,2",,included,
DUKE_470,test,True,True,5,"0,1,2",,included,
DUKE_474,train,True,True,4,"0,1,2",,included,
DUKE_480,test,True,True,4,"0,1,2",,included,
DUKE_482,test,True,True,4,"0,1,2",,included,
DUKE_486,train,True,True,5,"0,1,2",,included,
DUKE_489,train,True,True,4,"0,1,2",,included,
DUKE_491,train,True,True,4,"0,1,2",,included,
DUKE_501,train,True,True,4,"0,1,2",,included,
DUKE_506,train,True,True,5,"0,1,2",,included,
DUKE_507,train,True,True,5,"0,1,2",,included,
DUKE_508,test,True,True,4,"0,1,2",,included,
DUKE_512,train,True,True,4,"0,1,2",,included,
DUKE_514,test,True,True,4,"0,1,2",,included,
DUKE_517,train,True,True,5,"0,1,2",,included,
DUKE_521,train,True,True,4,"0,1,2",,included,
DUKE_525,test,True,True,4,"0,1,2",,included,
DUKE_527,train,True,True,4,"0,1,2",,included,
DUKE_530,train,True,True,5,"0,1,2",,included,
DUKE_534,train,True,True,4,"0,1,2",,included,
DUKE_535,train,True,True,4,"0,1,2",,included,
DUKE_539,test,True,True,4,"0,1,2",,included,
DUKE_541,test,True,True,5,"0,1,2",,included,
DUKE_543,train,True,True,4,"0,1,2",,included,
DUKE_545,train,True,True,5,"0,1,2",,included,
DUKE_546,train,True,True,4,"0,1,2",,included,
DUKE_552,train,True,True,5,"0,1,2",,included,
DUKE_558,train,True,True,4,"0,1,2",,included,
DUKE_559,test,True,True,4,"0,1,2",,included,
DUKE_560,test,True,True,5,"0,1,2",,included,
DUKE_562,test,True,True,4,"0,1,2",,included,
DUKE_567,test,True,True,4,"0,1,2",,included,
DUKE_568,test,True,True,5,"0,1,2",,included,
DUKE_573,test,True,True,4,"0,1,2",,included,
DUKE_577,train,True,True,4,"0,1,2",,included,
DUKE_585,test,True,True,5,"0,1,2",,included,
DUKE_590,train,True,True,5,"0,1,2",,included,
DUKE_592,test,True,True,5,"0,1,2",,included,
DUKE_595,train,True,True,4,"0,1,2",,included,
DUKE_597,train,True,True,5,"0,1,2",,included,
DUKE_605,test,True,True,4,"0,1,2",,included,
DUKE_607,train,True,True,4,"0,1,2",,included,
DUKE_609,test,True,True,5,"0,1,2",,included,
DUKE_610,train,True,True,5,"0,1,2",,included,
DUKE_612,train,True,True,4,"0,1,2",,included,
DUKE_614,test,True,True,4,"0,1,2",,included,
DUKE_615,test,True,True,4,"0,1,2",,included,
DUKE_616,train,True,True,5,"0,1,2",,included,
DUKE_618,train,True,True,5,"0,1,2",,included,
DUKE_623,train,True,True,5,"0,1,2",,included,
DUKE_633,train,True,True,4,"0,1,2",,included,
DUKE_636,train,True,True,5,"0,1,2",,included,
DUKE_640,test,True,True,5,"0,1,2",,included,
DUKE_641,train,True,True,4,"0,1,2",,included,
DUKE_642,test,True,True,4,"0,1,2",,included,
DUKE_645,train,True,True,4,"0,1,2",,included,
DUKE_650,train,True,True,5,"0,1,2",,included,
DUKE_651,test,True,True,5,"0,1,2",,included,
DUKE_652,train,True,True,5,"0,1,2",,included,
DUKE_656,train,True,True,4,"0,1,2",,included,
DUKE_660,train,True,True,4,"0,1,2",,included,
DUKE_662,train,True,True,4,"0,1,2",,included,
DUKE_663,test,True,True,4,"0,1,2",,included,
DUKE_666,train,True,True,5,"0,1,2",,included,
DUKE_670,test,True,True,5,"0,1,2",,included,
DUKE_672,train,True,True,5,"0,1,2",,included,
DUKE_677,train,True,True,5,"0,1,2",,included,
DUKE_679,train,True,True,4,"0,1,2",,included,
DUKE_681,train,True,True,5,"0,1,2",,included,
DUKE_684,train,True,True,4,"0,1,2",,included,
DUKE_685,train,True,True,4,"0,1,2",,included,
DUKE_686,train,True,True,5,"0,1,2",,included,
DUKE_687,test,True,True,4,"0,1,2",,included,
DUKE_688,train,True,True,4,"0,1,2",,included,
DUKE_691,test,True,True,5,"0,1,2",,included,
DUKE_693,train,True,True,4,"0,1,2",,included,
DUKE_694,train,True,True,4,"0,1,2",,included,
DUKE_697,train,True,True,4,"0,1,2",,included,
DUKE_710,train,True,True,5,"0,1,2",,included,
DUKE_717,train,True,True,5,"0,1,2",,included,
DUKE_718,test,True,True,4,"0,1,2",,included,
DUKE_723,train,True,True,5,"0,1,2",,included,
DUKE_724,train,True,True,4,"0,1,2",,included,
DUKE_725,train,True,True,4,"0,1,2",,included,
DUKE_735,train,True,True,5,"0,1,2",,included,
DUKE_746,train,True,True,5,"0,1,2",,included,
DUKE_751,train,True,True,4,"0,1,2",,included,
DUKE_754,test,True,True,4,"0,1,2",,included,
DUKE_757,test,True,True,4,"0,1,2",,included,
DUKE_758,train,True,True,5,"0,1,2",,included,
DUKE_762,train,True,True,5,"0,1,2",,included,
DUKE_765,train,True,True,4,"0,1,2",,included,
DUKE_774,train,True,True,4,"0,1,2",,included,
DUKE_775,test,True,True,5,"0,1,2",,included,
DUKE_776,train,True,True,4,"0,1,2",,included,
DUKE_778,train,True,True,4,"0,1,2",,included,
DUKE_780,test,True,True,4,"0,1,2",,included,
DUKE_789,test,True,True,5,"0,1,2",,included,
DUKE_790,train,True,True,5,"0,1,2",,included,
DUKE_792,train,True,True,4,"0,1,2",,included,
DUKE_797,train,True,True,5,"0,1,2",,included,
DUKE_799,test,True,True,4,"0,1,2",,included,
DUKE_804,train,True,True,5,"0,1,2",,included,
DUKE_805,train,True,True,5,"0,1,2",,included,
DUKE_809,train,True,True,4,"0,1,2",,included,
DUKE_812,train,True,True,5,"0,1,2",,included,
DUKE_816,train,True,True,5,"0,1,2",,included,
DUKE_817,test,True,True,4,"0,1,2",,included,
DUKE_822,train,True,True,4,"0,1,2",,included,
DUKE_830,train,True,True,4,"0,1,2",,included,
DUKE_831,train,True,True,4,"0,1,2",,included,
DUKE_832,test,True,True,5,"0,1,2",,included,
DUKE_833,train,True,True,4,"0,1,2",,included,
DUKE_834,train,True,True,5,"0,1,2",,included,
DUKE_836,test,True,True,5,"0,1,2",,included,
DUKE_839,test,True,True,4,"0,1,2",,included,
DUKE_847,test,True,True,5,"0,1,2",,included,
DUKE_850,train,True,True,4,"0,1,2",,included,
DUKE_860,train,True,True,5,"0,1,2",,included,
DUKE_865,train,True,True,5,"0,1,2",,included,
DUKE_869,test,True,True,5,"0,1,2",,included,
DUKE_873,train,True,True,4,"0,1,2",,included,
DUKE_874,train,True,True,4,"0,1,2",,included,
DUKE_879,train,True,True,5,"0,1,2",,included,
DUKE_882,test,True,True,5,"0,1,2",,included,
DUKE_883,test,True,True,5,"0,1,2",,included,
DUKE_884,train,True,True,5,"0,1,2",,included,
DUKE_885,train,True,True,4,"0,1,2",,included,
DUKE_886,train,True,True,4,"0,1,2",,included,
DUKE_891,train,True,True,4,"0,1,2",,included,
DUKE_899,train,True,True,5,"0,1,2",,included,
DUKE_907,train,True,True,5,"0,1,2",,included,
DUKE_914,train,True,True,4,"0,1,2",,included,
DUKE_915,test,True,True,4,"0,1,2",,included,
DUKE_916,train,True,True,4,"0,1,2",,included,
DUKE_917,train,True,True,4,"0,1,2",,included,
ISPY1_1001,train,True,True,3,"0,1,2",,included,
ISPY1_1002,train,True,True,3,"0,1,2",,included,
ISPY1_1003,train,True,True,3,"0,1,2",,included,
ISPY1_1004,train,True,True,3,"0,1,2",,included,
ISPY1_1005,test,True,True,3,"0,1,2",,included,
ISPY1_1007,test,True,True,3,"0,1,2",,included,
ISPY1_1008,train,True,True,3,"0,1,2",,included,
ISPY1_1009,train,True,True,3,"0,1,2",,included,
ISPY1_1010,train,True,True,3,"0,1,2",,included,
ISPY1_1011,train,True,True,3,"0,1,2",,included,
ISPY1_1012,train,True,True,3,"0,1,2",,included,
ISPY1_1013,train,True,True,3,"0,1,2",,included,
ISPY1_1015,train,True,True,3,"0,1,2",,included,
ISPY1_1016,train,True,True,4,"0,1,2",,included,
ISPY1_1017,test,True,True,3,"0,1,2",,included,
ISPY1_1021,train,True,True,3,"0,1,2",,included,
ISPY1_1025,train,True,True,3,"0,1,2",,included,
ISPY1_1027,test,True,True,3,"0,1,2",,included,
ISPY1_1029,train,True,True,3,"0,1,2",,included,
ISPY1_1030,train,True,True,3,"0,1,2",,included,
ISPY1_1031,train,True,True,3,"0,1,2",,included,
ISPY1_1032,train,True,True,3,"0,1,2",,included,
ISPY1_1034,train,True,True,4,"0,1,2",,included,
ISPY1_1035,train,True,True,4,"0,1,2",,included,
ISPY1_1036,test,True,True,3,"0,1,2",,included,
ISPY1_1037,train,True,True,4,"0,1,2",,included,
ISPY1_1038,train,True,True,4,"0,1,2",,included,
ISPY1_1040,test,True,True,3,"0,1,2",,included,
ISPY1_1041,train,True,True,3,"0,1,2",,included,
ISPY1_1042,test,True,True,4,"0,1,2",,included,
ISPY1_1049,train,True,True,3,"0,1,2",,included,
ISPY1_1051,test,True,True,3,"0,1,2",,included,
ISPY1_1053,test,True,True,3,"0,1,2",,included,
ISPY1_1054,train,True,True,3,"0,1,2",,included,
ISPY1_1056,train,True,True,3,"0,1,2",,included,
ISPY1_1058,train,True,True,3,"0,1,2",,included,
ISPY1_1060,train,True,True,6,"0,1,2",,included,
ISPY1_1061,train,True,True,3,"0,1,2",,included,
ISPY1_1062,train,True,True,3,"0,1,2",,included,
ISPY1_1064,train,True,True,3,"0,1,2",,included,
ISPY1_1065,train,True,True,6,"0,1,2",,included,
ISPY1_1066,train,True,True,3,"0,1,2",,included,
ISPY1_1067,train,True,True,3,"0,1,2",,included,
ISPY1_1069,train,True,True,3,"0,1,2",,included,
ISPY1_1070,train,True,True,3,"0,1,2",,included,
ISPY1_1072,test,True,True,3,"0,1,2",,included,
ISPY1_1073,train,True,True,3,"0,1,2",,included,
ISPY1_1074,test,True,True,3,"0,1,2",,included,
ISPY1_1075,train,True,True,3,"0,1,2",,included,
ISPY1_1077,train,True,True,3,"0,1,2",,included,
ISPY1_1078,train,True,True,3,"0,1,2",,included,
ISPY1_1082,test,True,True,3,"0,1,2",,included,
ISPY1_1083,train,True,True,3,"0,1,2",,included,
ISPY1_1084,test,True,True,4,"0,1,2",,included,
ISPY1_1087,test,True,True,3,"0,1,2",,included,
ISPY1_1088,train,True,True,3,"0,1,2",,included,
ISPY1_1089,test,True,True,6,"0,1,2",,included,
ISPY1_1090,test,True,True,3,"0,1,2",,included,
ISPY1_1094,test,True,True,3,"0,1,2",,included,
ISPY1_1096,train,True,True,3,"0,1,2",,included,
ISPY1_1097,test,True,True,3,"0,1,2",,included,
ISPY1_1098,train,True,True,6,"0,1,2",,included,
ISPY1_1099,train,True,True,3,"0,1,2",,included,
ISPY1_1100,train,True,True,3,"0,1,2",,included,
ISPY1_1101,test,True,True,3,"0,1,2",,included,
ISPY1_1102,train,True,True,3,"0,1,2",,included,
ISPY1_1103,test,True,True,3,"0,1,2",,included,
ISPY1_1104,train,True,True,6,"0,1,2",,included,
ISPY1_1106,train,True,True,6,"0,1,2",,included,
ISPY1_1107,train,True,True,3,"0,1,2",,included,
ISPY1_1112,train,True,True,3,"0,1,2",,included,
ISPY1_1114,test,True,True,3,"0,1,2",,included,
ISPY1_1117,train,True,True,3,"0,1,2",,included,
ISPY1_1122,train,True,True,3,"0,1,2",,included,
ISPY1_1123,train,True,True,3,"0,1,2",,included,
ISPY1_1124,train,True,True,6,"0,1,2",,included,
ISPY1_1125,train,True,True,6,"0,1,2",,included,
ISPY1_1127,train,True,True,3,"0,1,2",,included,
ISPY1_1128,train,True,True,3,"0,1,2",,included,
ISPY1_1129,train,True,True,3,"0,1,2",,included,
ISPY1_1130,train,True,True,3,"0,1,2",,included,
ISPY1_1132,train,True,True,3,"0,1,2",,included,
ISPY1_1134,train,True,True,3,"0,1,2",,included,
ISPY1_1135,train,True,True,3,"0,1,2",,included,
ISPY1_1136,train,True,True,3,"0,1,2",,included,
ISPY1_1137,train,True,True,3,"0,1,2",,included,
ISPY1_1139,test,True,True,3,"0,1,2",,included,
ISPY1_1140,test,True,True,3,"0,1,2",,included,
ISPY1_1141,test,True,True,3,"0,1,2",,included,
ISPY1_1142,train,True,True,3,"0,1,2",,included,
ISPY1_1144,train,True,True,3,"0,1,2",,included,
ISPY1_1145,test,True,True,3,"0,1,2",,included,
ISPY1_1146,train,True,True,3,"0,1,2",,included,
ISPY1_1147,train,True,True,3,"0,1,2",,included,
ISPY1_1148,test,True,True,4,"0,1,2",,included,
ISPY1_1149,test,True,True,3,"0,1,2",,included,
ISPY1_1150,test,True,True,3,"0,1,2",,included,
ISPY1_1151,test,True,True,3,"0,1,2",,included,
ISPY1_1152,train,True,True,3,"0,1,2",,included,
ISPY1_1155,train,True,True,3,"0,1,2",,included,
ISPY1_1156,test,True,True,3,"0,1,2",,included,
ISPY1_1157,train,True,True,3,"0,1,2",,included,
ISPY1_1158,train,True,True,3,"0,1,2",,included,
ISPY1_1159,test,True,True,3,"0,1,2",,included,
ISPY1_1160,test,True,True,4,"0,1,2",,included,
ISPY1_1161,test,True,True,4,"0,1,2",,included,
ISPY1_1163,train,True,True,3,"0,1,2",,included,
ISPY1_1164,test,True,True,3,"0,1,2",,included,
ISPY1_1165,train,True,True,6,"0,1,2",,included,
ISPY1_1166,train,True,True,3,"0,1,2",,included,
ISPY1_1167,test,True,True,4,"0,1,2",,included,
ISPY1_1168,train,True,True,3,"0,1,2",,included,
ISPY1_1169,test,True,True,3,"0,1,2",,included,
ISPY1_1171,train,True,True,3,"0,1,2",,included,
ISPY1_1172,train,True,True,3,"0,1,2",,included,
ISPY1_1173,test,True,True,4,"0,1,2",,included,
ISPY1_1174,train,True,True,3,"0,1,2",,included,
ISPY1_1175,test,True,True,3,"0,1,2",,included,
ISPY1_1176,test,True,True,3,"0,1,2",,included,
ISPY1_1177,train,True,True,3,"0,1,2",,included,
ISPY1_1179,test,True,True,3,"0,1,2",,included,
ISPY1_1180,test,True,True,4,"0,1,2",,included,
ISPY1_1181,test,True,True,3,"0,1,2",,included,
ISPY1_1182,train,True,True,6,"0,1,2",,included,
ISPY1_1183,test,True,True,3,"0,1,2",,included,
ISPY1_1184,train,True,True,6,"0,1,2",,included,
ISPY1_1185,train,True,True,3,"0,1,2",,included,
ISPY1_1187,test,True,True,3,"0,1,2",,included,
ISPY1_1188,train,True,True,4,"0,1,2",,included,
ISPY1_1189,train,True,True,3,"0,1,2",,included,
ISPY1_1191,test,True,True,3,"0,1,2",,included,
ISPY1_1192,train,True,True,3,"0,1,2",,included,
ISPY1_1193,test,True,True,3,"0,1,2",,included,
ISPY1_1194,test,True,True,3,"0,1,2",,included,
ISPY1_1196,train,True,True,4,"0,1,2",,included,
ISPY1_1197,train,True,True,3,"0,1,2",,included,
ISPY1_1198,train,True,True,3,"0,1,2",,included,
ISPY1_1199,test,True,True,3,"0,1,2",,included,
ISPY1_1201,test,True,True,3,"0,1,2",,included,
ISPY1_1202,test,True,True,3,"0,1,2",,included,
ISPY1_1203,test,True,True,3,"0,1,2",,included,
ISPY1_1204,train,True,True,3,"0,1,2",,included,
ISPY1_1207,train,True,True,3,"0,1,2",,included,
ISPY1_1208,test,True,True,3,"0,1,2",,included,
ISPY1_1209,train,True,True,3,"0,1,2",,included,
ISPY1_1210,test,True,True,3,"0,1,2",,included,
ISPY1_1212,train,True,True,6,"0,1,2",,included,
ISPY1_1215,test,True,True,6,"0,1,2",,included,
ISPY1_1216,train,True,True,3,"0,1,2",,included,
ISPY1_1217,train,True,True,3,"0,1,2",,included,
ISPY1_1218,test,True,True,3,"0,1,2",,included,
ISPY1_1219,test,True,True,3,"0,1,2",,included,
ISPY1_1220,train,True,True,3,"0,1,2",,included,
ISPY1_1221,test,True,True,3,"0,1,2",,included,
ISPY1_1222,test,True,True,3,"0,1,2",,included,
ISPY1_1223,train,True,True,3,"0,1,2",,included,
ISPY1_1224,test,True,True,3,"0,1,2",,included,
ISPY1_1225,test,True,True,3,"0,1,2",,included,
ISPY1_1226,train,True,True,3,"0,1,2",,included,
ISPY1_1227,test,True,True,3,"0,1,2",,included,
ISPY1_1228,train,True,True,3,"0,1,2",,included,
ISPY1_1229,train,True,True,3,"0,1,2",,included,
ISPY1_1230,test,True,True,3,"0,1,2",,included,
ISPY1_1231,test,True,True,3,"0,1,2",,included,
ISPY1_1233,test,True,True,3,"0,1,2",,included,
ISPY1_1234,train,True,True,3,"0,1,2",,included,
ISPY1_1235,test,True,True,3,"0,1,2",,included,
ISPY1_1236,test,True,True,3,"0,1,2",,included,
ISPY1_1237,train,True,True,3,"0,1,2",,included,
ISPY1_1238,test,True,True,3,"0,1,2",,included,
ISPY1_1239,train,True,True,3,"0,1,2",,included,
ISPY2_100899,train,True,True,6,"0,1,2",,included,
ISPY2_102011,train,True,True,6,"0,1,2",,included,
ISPY2_102212,train,True,True,6,"0,1,2",,included,
ISPY2_103693,train,True,True,6,"0,1,2",,included,
ISPY2_103939,train,True,True,6,"0,1,2",,included,
ISPY2_104268,train,True,True,6,"0,1,2",,included,
ISPY2_104384,train,True,True,6,"0,1,2",,included,
ISPY2_105286,train,True,True,6,"0,1,2",,included,
ISPY2_105513,test,True,True,6,"0,1,2",,included,
ISPY2_107700,train,True,True,6,"0,1,2",,included,
ISPY2_108939,test,True,True,6,"0,1,2",,included,
ISPY2_108969,test,True,True,6,"0,1,2",,included,
ISPY2_109623,train,True,True,6,"0,1,2",,included,
ISPY2_109874,test,True,True,6,"0,1,2",,included,
ISPY2_109980,test,True,True,6,"0,1,2",,included,
ISPY2_111004,test,True,True,6,"0,1,2",,included,
ISPY2_111038,train,True,True,6,"0,1,2",,included,
ISPY2_111344,train,True,True,6,"0,1,2",,included,
ISPY2_111646,train,True,True,6,"0,1,2",,included,
ISPY2_111674,test,True,True,6,"0,1,2",,included,
ISPY2_111881,train,True,True,6,"0,1,2",,included,
ISPY2_112606,test,True,True,6,"0,1,2",,included,
ISPY2_114087,train,True,True,6,"0,1,2",,included,
ISPY2_115638,test,True,True,6,"0,1,2",,included,
ISPY2_115987,train,True,True,6,"0,1,2",,included,
ISPY2_116165,train,True,True,6,"0,1,2",,included,
ISPY2_116603,train,True,True,6,"0,1,2",,included,
ISPY2_117424,test,True,True,6,"0,1,2",,included,
ISPY2_117707,train,True,True,6,"0,1,2",,included,
ISPY2_118307,train,True,True,6,"0,1,2",,included,
ISPY2_119928,train,True,True,6,"0,1,2",,included,
ISPY2_120422,test,True,True,6,"0,1,2",,included,
ISPY2_122287,train,True,True,6,"0,1,2",,included,
ISPY2_122579,train,True,True,6,"0,1,2",,included,
ISPY2_122795,train,True,True,6,"0,1,2",,included,
ISPY2_123660,test,True,True,6,"0,1,2",,included,
ISPY2_125130,train,True,True,6,"0,1,2",,included,
ISPY2_125418,train,True,True,6,"0,1,2",,included,
ISPY2_127675,train,True,True,6,"0,1,2",,included,
ISPY2_127791,train,True,True,6,"0,1,2",,included,
ISPY2_128051,train,True,True,6,"0,1,2",,included,
ISPY2_128675,train,True,True,6,"0,1,2",,included,
ISPY2_129837,train,True,True,6,"0,1,2",,included,
ISPY2_129973,test,True,True,6,"0,1,2",,included,
ISPY2_130580,train,True,True,6,"0,1,2",,included,
ISPY2_130892,train,True,True,6,"0,1,2",,included,
ISPY2_131595,train,True,True,6,"0,1,2",,included,
ISPY2_131961,train,True,True,6,"0,1,2",,included,
ISPY2_132463,test,True,True,6,"0,1,2",,included,
ISPY2_133650,train,True,True,6,"0,1,2",,included,
ISPY2_134526,train,True,True,6,"0,1,2",,included,
ISPY2_136536,train,True,True,6,"0,1,2",,included,
ISPY2_138027,train,True,True,6,"0,1,2",,included,
ISPY2_138425,train,True,True,6,"0,1,2",,included,
ISPY2_139137,train,True,True,6,"0,1,2",,included,
ISPY2_139771,test,True,True,6,"0,1,2",,included,
ISPY2_139973,train,True,True,6,"0,1,2",,included,
ISPY2_141782,test,True,True,6,"0,1,2",,included,
ISPY2_142688,train,True,True,6,"0,1,2",,included,
ISPY2_144302,test,True,True,6,"0,1,2",,included,
ISPY2_145513,train,True,True,6,"0,1,2",,included,
ISPY2_145777,test,True,True,6,"0,1,2",,included,
ISPY2_146033,train,True,True,6,"0,1,2",,included,
ISPY2_146987,train,True,True,6,"0,1,2",,included,
ISPY2_147139,train,True,True,6,"0,1,2",,included,
ISPY2_148357,train,True,True,6,"0,1,2",,included,
ISPY2_149654,train,True,True,6,"0,1,2",,included,
ISPY2_150547,train,True,True,6,"0,1,2",,included,
ISPY2_151230,test,True,True,6,"0,1,2",,included,
ISPY2_151481,train,True,True,5,"0,1,2",,included,
ISPY2_151980,test,True,True,6,"0,1,2",,included,
ISPY2_152090,train,True,True,6,"0,1,2",,included,
ISPY2_152197,test,True,True,6,"0,1,2",,included,
ISPY2_153327,train,True,True,6,"0,1,2",,included,
ISPY2_153880,train,True,True,6,"0,1,2",,included,
ISPY2_154293,train,True,True,6,"0,1,2",,included,
ISPY2_155171,train,True,True,6,"0,1,2",,included,
ISPY2_156163,train,True,True,6,"0,1,2",,included,
ISPY2_157270,test,True,True,6,"0,1,2",,included,
ISPY2_157463,train,True,True,6,"0,1,2",,included,
ISPY2_159284,train,True,True,6,"0,1,2",,included,
ISPY2_159352,test,True,True,6,"0,1,2",,included,
ISPY2_160120,train,True,True,6,"0,1,2",,included,
ISPY2_162562,train,True,True,6,"0,1,2",,included,
ISPY2_164468,train,True,True,6,"0,1,2",,included,
ISPY2_165925,train,True,True,6,"0,1,2",,included,
ISPY2_166412,train,True,True,6,"0,1,2",,included,
ISPY2_166782,test,True,True,6,"0,1,2",,included,
ISPY2_167271,train,True,True,6,"0,1,2",,included,
ISPY2_168044,train,True,True,6,"0,1,2",,included,
ISPY2_169536,test,True,True,6,"0,1,2",,included,
ISPY2_169918,train,True,True,6,"0,1,2",,included,
ISPY2_172168,test,True,True,6,"0,1,2",,included,
ISPY2_172283,train,True,True,6,"0,1,2",,included,
ISPY2_172366,train,True,True,6,"0,1,2",,included,
ISPY2_174903,train,True,True,6,"0,1,2",,included,
ISPY2_174904,train,True,True,6,"0,1,2",,included,
ISPY2_177795,train,True,True,6,"0,1,2",,included,
ISPY2_178649,train,True,True,6,"0,1,2",,included,
ISPY2_178815,train,True,True,6,"0,1,2",,included,
ISPY2_179369,train,True,True,6,"0,1,2",,included,
ISPY2_179568,train,True,True,6,"0,1,2",,included,
ISPY2_180027,test,True,True,6,"0,1,2",,included,
ISPY2_180663,train,True,True,6,"0,1,2",,included,
ISPY2_181442,train,True,True,6,"0,1,2",,included,
ISPY2_181819,train,True,True,6,"0,1,2",,included,
ISPY2_182346,test,True,True,6,"0,1,2",,included,
ISPY2_183831,train,True,True,6,"0,1,2",,included,
ISPY2_188091,test,True,True,6,"0,1,2",,included,
ISPY2_188511,train,True,True,6,"0,1,2",,included,
ISPY2_188700,train,True,True,6,"0,1,2",,included,
ISPY2_190224,train,True,True,6,"0,1,2",,included,
ISPY2_192548,train,True,True,6,"0,1,2",,included,
ISPY2_194024,train,True,True,6,"0,1,2",,included,
ISPY2_196024,train,True,True,6,"0,1,2",,included,
ISPY2_196064,train,True,True,6,"0,1,2",,included,
ISPY2_197942,test,True,True,6,"0,1,2",,included,
ISPY2_198891,train,True,True,6,"0,1,2",,included,
ISPY2_199115,train,True,True,6,"0,1,2",,included,
ISPY2_199960,train,True,True,6,"0,1,2",,included,
ISPY2_200222,train,True,True,5,"0,1,2",,included,
ISPY2_201831,test,True,True,6,"0,1,2",,included,
ISPY2_201873,train,True,True,6,"0,1,2",,included,
ISPY2_202535,test,True,True,6,"0,1,2",,included,
ISPY2_202539,train,True,True,6,"0,1,2",,included,
ISPY2_202956,train,True,True,6,"0,1,2",,included,
ISPY2_203060,train,True,True,6,"0,1,2",,included,
ISPY2_203254,train,True,True,6,"0,1,2",,included,
ISPY2_204939,train,True,True,6,"0,1,2",,included,
ISPY2_208265,test,True,True,6,"0,1,2",,included,
ISPY2_208303,train,True,True,6,"0,1,2",,included,
ISPY2_208650,train,True,True,6,"0,1,2",,included,
ISPY2_209397,train,True,True,6,"0,1,2",,included,
ISPY2_209967,train,True,True,6,"0,1,2",,included,
ISPY2_211408,train,True,True,6,"0,1,2",,included,
ISPY2_212307,test,True,True,6,"0,1,2",,included,
ISPY2_213328,test,True,True,6,"0,1,2",,included,
ISPY2_213672,train,True,True,6,"0,1,2",,included,
ISPY2_213913,train,True,True,6,"0,1,2",,included,
ISPY2_215932,train,True,True,6,"0,1,2",,included,
ISPY2_218249,train,True,True,6,"0,1,2",,included,
ISPY2_218503,train,True,True,6,"0,1,2",,included,
ISPY2_219545,train,True,True,6,"0,1,2",,included,
ISPY2_220471,train,True,True,6,"0,1,2",,included,
ISPY2_220664,test,True,True,6,"0,1,2",,included,
ISPY2_220925,train,True,True,6,"0,1,2",,included,
ISPY2_221375,train,True,True,6,"0,1,2",,included,
ISPY2_221686,train,True,True,6,"0,1,2",,included,
ISPY2_222135,test,True,True,6,"0,1,2",,included,
ISPY2_223030,train,True,True,6,"0,1,2",,included,
ISPY2_223526,train,True,True,6,"0,1,2",,included,
ISPY2_225836,train,True,True,6,"0,1,2",,included,
ISPY2_227055,train,True,True,6,"0,1,2",,included,
ISPY2_227832,train,True,True,6,"0,1,2",,included,
ISPY2_227881,train,True,True,6,"0,1,2",,included,
ISPY2_228192,train,True,True,6,"0,1,2",,included,
ISPY2_228340,train,True,True,6,"0,1,2",,included,
ISPY2_229144,train,True,True,6,"0,1,2",,included,
ISPY2_229328,train,True,True,6,"0,1,2",,included,
ISPY2_229824,test,True,True,6,"0,1,2",,included,
ISPY2_231633,train,True,True,6,"0,1,2",,included,
ISPY2_233191,train,True,True,6,"0,1,2",,included,
ISPY2_233832,train,True,True,6,"0,1,2",,included,
ISPY2_233962,train,True,True,6,"0,1,2",,included,
ISPY2_234272,train,True,True,6,"0,1,2",,included,
ISPY2_234723,train,True,True,6,"0,1,2",,included,
ISPY2_235995,train,True,True,6,"0,1,2",,included,
ISPY2_236470,test,True,True,6,"0,1,2",,included,
ISPY2_237158,test,True,True,6,"0,1,2",,included,
ISPY2_238790,train,True,True,6,"0,1,2",,included,
ISPY2_239061,train,True,True,6,"0,1,2",,included,
ISPY2_239910,train,True,True,6,"0,1,2",,included,
ISPY2_240035,train,True,True,6,"0,1,2",,included,
ISPY2_240432,train,True,True,6,"0,1,2",,included,
ISPY2_240957,train,True,True,6,"0,1,2",,included,
ISPY2_241705,test,True,True,6,"0,1,2",,included,
ISPY2_241998,train,True,True,6,"0,1,2",,included,
ISPY2_242370,train,True,True,6,"0,1,2",,included,
ISPY2_243836,train,True,True,6,"0,1,2",,included,
ISPY2_245655,train,True,True,6,"0,1,2",,included,
ISPY2_246134,train,True,True,6,"0,1,2",,included,
ISPY2_247641,train,True,True,6,"0,1,2",,included,
ISPY2_248255,train,True,True,6,"0,1,2",,included,
ISPY2_250274,train,True,True,6,"0,1,2",,included,
ISPY2_252748,train,True,True,6,"0,1,2",,included,
ISPY2_253531,test,True,True,6,"0,1,2",,included,
ISPY2_254060,train,True,True,6,"0,1,2",,included,
ISPY2_254273,train,True,True,6,"0,1,2",,included,
ISPY2_255078,train,True,True,6,"0,1,2",,included,
ISPY2_255388,test,True,True,6,"0,1,2",,included,
ISPY2_255535,train,True,True,6,"0,1,2",,included,
ISPY2_255577,train,True,True,6,"0,1,2",,included,
ISPY2_257735,train,True,True,6,"0,1,2",,included,
ISPY2_259206,train,True,True,6,"0,1,2",,included,
ISPY2_259899,test,True,True,6,"0,1,2",,included,
ISPY2_261304,train,True,True,6,"0,1,2",,included,
ISPY2_262131,test,True,True,6,"0,1,2",,included,
ISPY2_263143,train,True,True,6,"0,1,2",,included,
ISPY2_264305,test,True,True,6,"0,1,2",,included,
ISPY2_264678,train,True,True,6,"0,1,2",,included,
ISPY2_266509,test,True,True,6,"0,1,2",,included,
ISPY2_266840,train,True,True,6,"0,1,2",,included,
ISPY2_267306,train,True,True,6,"0,1,2",,included,
ISPY2_268937,train,True,True,6,"0,1,2",,included,
ISPY2_269899,train,True,True,6,"0,1,2",,included,
ISPY2_273691,train,True,True,6,"0,1,2",,included,
ISPY2_273745,train,True,True,6,"0,1,2",,included,
ISPY2_275034,test,True,True,6,"0,1,2",,included,
ISPY2_275626,train,True,True,6,"0,1,2",,included,
ISPY2_277848,train,True,True,6,"0,1,2",,included,
ISPY2_277888,train,True,True,6,"0,1,2",,included,
ISPY2_279902,train,True,True,6,"0,1,2",,included,
ISPY2_280375,train,True,True,6,"0,1,2",,included,
ISPY2_282082,train,True,True,6,"0,1,2",,included,
ISPY2_282644,test,True,True,6,"0,1,2",,included,
ISPY2_282777,train,True,True,6,"0,1,2",,included,
ISPY2_283070,test,True,True,6,"0,1,2",,included,
ISPY2_284355,train,True,True,6,"0,1,2",,included,
ISPY2_284443,train,True,True,6,"0,1,2",,included,
ISPY2_284593,train,True,True,6,"0,1,2",,included,
ISPY2_285339,train,True,True,6,"0,1,2",,included,
ISPY2_286984,train,True,True,6,"0,1,2",,included,
ISPY2_287300,train,True,True,6,"0,1,2",,included,
ISPY2_287961,train,True,True,6,"0,1,2",,included,
ISPY2_289107,train,True,True,6,"0,1,2",,included,
ISPY2_289420,train,True,True,6,"0,1,2",,included,
ISPY2_290413,train,True,True,6,"0,1,2",,included,
ISPY2_291515,train,True,True,6,"0,1,2",,included,
ISPY2_293142,train,True,True,6,"0,1,2",,included,
ISPY2_294176,train,True,True,6,"0,1,2",,included,
ISPY2_294265,train,True,True,6,"0,1,2",,included,
ISPY2_294739,train,True,True,6,"0,1,2",,included,
ISPY2_296123,train,True,True,6,"0,1,2",,included,
ISPY2_296841,train,True,True,6,"0,1,2",,included,
ISPY2_298101,train,True,True,6,"0,1,2",,included,
ISPY2_299364,train,True,True,6,"0,1,2",,included,
ISPY2_299840,train,True,True,6,"0,1,2",,included,
ISPY2_299962,train,True,True,6,"0,1,2",,included,
ISPY2_300724,train,True,True,6,"0,1,2",,included,
ISPY2_301289,test,True,True,6,"0,1,2",,included,
ISPY2_301665,train,True,True,6,"0,1,2",,included,
ISPY2_301968,test,True,True,6,"0,1,2",,included,
ISPY2_303685,train,True,True,6,"0,1,2",,included,
ISPY2_303947,train,True,True,6,"0,1,2",,included,
ISPY2_306127,train,True,True,6,"0,1,2",,included,
ISPY2_306401,train,True,True,6,"0,1,2",,included,
ISPY2_307659,test,True,True,6,"0,1,2",,included,
ISPY2_309830,train,True,True,6,"0,1,2",,included,
ISPY2_311316,train,True,True,6,"0,1,2",,included,
ISPY2_311455,train,True,True,6,"0,1,2",,included,
ISPY2_313243,train,True,True,6,"0,1,2",,included,
ISPY2_313672,test,True,True,6,"0,1,2",,included,
ISPY2_316996,train,True,True,6,"0,1,2",,included,
ISPY2_317131,train,True,True,6,"0,1,2",,included,
ISPY2_317402,train,True,True,6,"0,1,2",,included,
ISPY2_317641,test,True,True,6,"0,1,2",,included,
ISPY2_318293,test,True,True,6,"0,1,2",,included,
ISPY2_318407,train,True,True,6,"0,1,2",,included,
ISPY2_318438,test,True,True,6,"0,1,2",,included,
ISPY2_318569,train,True,True,6,"0,1,2",,included,
ISPY2_319324,train,True,True,6,"0,1,2",,included,
ISPY2_320538,train,True,True,6,"0,1,2",,included,
ISPY2_323721,train,True,True,6,"0,1,2",,included,
ISPY2_324021,train,True,True,6,"0,1,2",,included,
ISPY2_326202,train,True,True,6,"0,1,2",,included,
ISPY2_326433,test,True,True,6,"0,1,2",,included,
ISPY2_327133,train,True,True,6,"0,1,2",,included,
ISPY2_327142,test,True,True,6,"0,1,2",,included,
ISPY2_327917,train,True,True,6,"0,1,2",,included,
ISPY2_328160,train,True,True,6,"0,1,2",,included,
ISPY2_329076,train,True,True,6,"0,1,2",,included,
ISPY2_329941,train,True,True,6,"0,1,2",,included,
ISPY2_330134,train,True,True,6,"0,1,2",,included,
ISPY2_331192,train,True,True,6,"0,1,2",,included,
ISPY2_332655,test,True,True,6,"0,1,2",,included,
ISPY2_333145,train,True,True,6,"0,1,2",,included,
ISPY2_335091,train,True,True,6,"0,1,2",,included,
ISPY2_335536,train,True,True,6,"0,1,2",,included,
ISPY2_340186,train,True,True,6,"0,1,2",,included,
ISPY2_341238,train,True,True,6,"0,1,2",,included,
ISPY2_342142,train,True,True,6,"0,1,2",,included,
ISPY2_342959,train,True,True,6,"0,1,2",,included,
ISPY2_342996,train,True,True,6,"0,1,2",,included,
ISPY2_343898,train,True,True,6,"0,1,2",,included,
ISPY2_345460,test,True,True,6,"0,1,2",,included,
ISPY2_345483,train,True,True,6,"0,1,2",,included,
ISPY2_345574,train,True,True,6,"0,1,2",,included,
ISPY2_345907,train,True,True,6,"0,1,2",,included,
ISPY2_347516,train,True,True,6,"0,1,2",,included,
ISPY2_348009,train,True,True,6,"0,1,2",,included,
ISPY2_349225,train,True,True,6,"0,1,2",,included,
ISPY2_349330,train,True,True,6,"0,1,2",,included,
ISPY2_349639,train,True,True,6,"0,1,2",,included,
ISPY2_350331,train,True,True,6,"0,1,2",,included,
ISPY2_353318,test,True,True,6,"0,1,2",,included,
ISPY2_355292,train,True,True,6,"0,1,2",,included,
ISPY2_355942,train,True,True,6,"0,1,2",,included,
ISPY2_356399,test,True,True,6,"0,1,2",,included,
ISPY2_356431,train,True,True,6,"0,1,2",,included,
ISPY2_356684,train,True,True,6,"0,1,2",,included,
ISPY2_357017,train,True,True,6,"0,1,2",,included,
ISPY2_357034,train,True,True,6,"0,1,2",,included,
ISPY2_360937,train,True,True,6,"0,1,2",,included,
ISPY2_361701,train,True,True,6,"0,1,2",,included,
ISPY2_362150,test,True,True,6,"0,1,2",,included,
ISPY2_362993,train,True,True,6,"0,1,2",,included,
ISPY2_363669,train,True,True,6,"0,1,2",,included,
ISPY2_366120,train,True,True,6,"0,1,2",,included,
ISPY2_367682,train,True,True,6,"0,1,2",,included,
ISPY2_369040,train,True,True,6,"0,1,2",,included,
ISPY2_371528,train,True,True,6,"0,1,2",,included,
ISPY2_373346,train,True,True,6,"0,1,2",,included,
ISPY2_373672,train,True,True,6,"0,1,2",,included,
ISPY2_374106,test,True,True,6,"0,1,2",,included,
ISPY2_374121,train,True,True,6,"0,1,2",,included,
ISPY2_375342,test,True,True,6,"0,1,2",,included,
ISPY2_375455,train,True,True,6,"0,1,2",,included,
ISPY2_376676,train,True,True,6,"0,1,2",,included,
ISPY2_377460,train,True,True,6,"0,1,2",,included,
ISPY2_378401,train,True,True,6,"0,1,2",,included,
ISPY2_378885,train,True,True,6,"0,1,2",,included,
ISPY2_380239,train,True,True,6,"0,1,2",,included,
ISPY2_380769,train,True,True,6,"0,1,2",,included,
ISPY2_380972,train,True,True,6,"0,1,2",,included,
ISPY2_382853,train,True,True,6,"0,1,2",,included,
ISPY2_383456,train,True,True,6,"0,1,2",,included,
ISPY2_384830,train,True,True,6,"0,1,2",,included,
ISPY2_386664,train,True,True,6,"0,1,2",,included,
ISPY2_388581,train,True,True,5,"0,1,2",,included,
ISPY2_391942,train,True,True,6,"0,1,2",,included,
ISPY2_395076,train,True,True,6,"0,1,2",,included,
ISPY2_395249,train,True,True,6,"0,1,2",,included,
ISPY2_395379,train,True,True,5,"0,1,2",,included,
ISPY2_396723,train,True,True,6,"0,1,2",,included,
ISPY2_397505,train,True,True,6,"0,1,2",,included,
ISPY2_399478,train,True,True,6,"0,1,2",,included,
ISPY2_401215,train,True,True,6,"0,1,2",,included,
ISPY2_402265,train,True,True,6,"0,1,2",,included,
ISPY2_402384,train,True,True,6,"0,1,2",,included,
ISPY2_405717,train,True,True,5,"0,1,2",,included,
ISPY2_406190,train,True,True,6,"0,1,2",,included,
ISPY2_407539,train,True,True,6,"0,1,2",,included,
ISPY2_408692,train,True,True,6,"0,1,2",,included,
ISPY2_409288,test,True,True,6,"0,1,2",,included,
ISPY2_410083,train,True,True,6,"0,1,2",,included,
ISPY2_411008,train,True,True,6,"0,1,2",,included,
ISPY2_411684,train,True,True,6,"0,1,2",,included,
ISPY2_411806,train,True,True,6,"0,1,2",,included,
ISPY2_411950,train,True,True,6,"0,1,2",,included,
ISPY2_412772,train,True,True,6,"0,1,2",,included,
ISPY2_413211,train,True,True,6,"0,1,2",,included,
ISPY2_413961,train,True,True,6,"0,1,2",,included,
ISPY2_414256,train,True,True,6,"0,1,2",,included,
ISPY2_414286,train,True,True,6,"0,1,2",,included,
ISPY2_414844,train,True,True,6,"0,1,2",,included,
ISPY2_414971,train,True,True,6,"0,1,2",,included,
ISPY2_415039,train,True,True,6,"0,1,2",,included,
ISPY2_416434,train,True,True,6,"0,1,2",,included,
ISPY2_417474,train,True,True,6,"0,1,2",,included,
ISPY2_417654,train,True,True,6,"0,1,2",,included,
ISPY2_418593,test,True,True,6,"0,1,2",,included,
ISPY2_419590,train,True,True,6,"0,1,2",,included,
ISPY2_420523,train,True,True,6,"0,1,2",,included,
ISPY2_421829,train,True,True,6,"0,1,2",,included,
ISPY2_421917,train,True,True,6,"0,1,2",,included,
ISPY2_422013,train,True,True,6,"0,1,2",,included,
ISPY2_422450,train,True,True,5,"0,1,2",,included,
ISPY2_422454,train,True,True,6,"0,1,2",,included,
ISPY2_423619,train,True,True,6,"0,1,2",,included,
ISPY2_423979,train,True,True,6,"0,1,2",,included,
ISPY2_424541,train,True,True,6,"0,1,2",,included,
ISPY2_425173,train,True,True,6,"0,1,2",,included,
ISPY2_426106,train,True,True,6,"0,1,2",,included,
ISPY2_427321,test,True,True,6,"0,1,2",,included,
ISPY2_429220,train,True,True,6,"0,1,2",,included,
ISPY2_430441,train,True,True,6,"0,1,2",,included,
ISPY2_431061,train,True,True,6,"0,1,2",,included,
ISPY2_432114,train,True,True,6,"0,1,2",,included,
ISPY2_433144,train,True,True,6,"0,1,2",,included,
ISPY2_435279,train,True,True,6,"0,1,2",,included,
ISPY2_435313,test,True,True,6,"0,1,2",,included,
ISPY2_436371,train,True,True,6,"0,1,2",,included,
ISPY2_437162,train,True,True,6,"0,1,2",,included,
ISPY2_437968,train,True,True,6,"0,1,2",,included,
ISPY2_439489,train,True,True,6,"0,1,2",,included,
ISPY2_442637,train,True,True,6,"0,1,2",,included,
ISPY2_442669,train,True,True,6,"0,1,2",,included,
ISPY2_442981,train,True,True,6,"0,1,2",,included,
ISPY2_443444,train,True,True,6,"0,1,2",,included,
ISPY2_443708,test,True,True,6,"0,1,2",,included,
ISPY2_446263,train,True,True,6,"0,1,2",,included,
ISPY2_451482,train,True,True,6,"0,1,2",,included,
ISPY2_451816,train,True,True,6,"0,1,2",,included,
ISPY2_452703,train,True,True,6,"0,1,2",,included,
ISPY2_453596,test,True,True,6,"0,1,2",,included,
ISPY2_454808,train,True,True,6,"0,1,2",,included,
ISPY2_455828,train,True,True,6,"0,1,2",,included,
ISPY2_456432,train,True,True,6,"0,1,2",,included,
ISPY2_456506,train,True,True,6,"0,1,2",,included,
ISPY2_458196,train,True,True,6,"0,1,2",,included,
ISPY2_459311,train,True,True,6,"0,1,2",,included,
ISPY2_460642,train,True,True,6,"0,1,2",,included,
ISPY2_460776,train,True,True,6,"0,1,2",,included,
ISPY2_460812,train,True,True,6,"0,1,2",,included,
ISPY2_461824,train,True,True,6,"0,1,2",,included,
ISPY2_462581,train,True,True,6,"0,1,2",,included,
ISPY2_462582,train,True,True,6,"0,1,2",,included,
ISPY2_462605,train,True,True,6,"0,1,2",,included,
ISPY2_464547,train,True,True,6,"0,1,2",,included,
ISPY2_465008,train,True,True,6,"0,1,2",,included,
ISPY2_466267,train,True,True,6,"0,1,2",,included,
ISPY2_467622,test,True,True,6,"0,1,2",,included,
ISPY2_467686,train,True,True,6,"0,1,2",,included,
ISPY2_472799,train,True,True,6,"0,1,2",,included,
ISPY2_473365,train,True,True,6,"0,1,2",,included,
ISPY2_473468,train,True,True,6,"0,1,2",,included,
ISPY2_473505,train,True,True,6,"0,1,2",,included,
ISPY2_474874,train,True,True,6,"0,1,2",,included,
ISPY2_477816,train,True,True,6,"0,1,2",,included,
ISPY2_477994,train,True,True,6,"0,1,2",,included,
ISPY2_478055,train,True,True,6,"0,1,2",,included,
ISPY2_478484,train,True,True,6,"0,1,2",,included,
ISPY2_478655,train,True,True,6,"0,1,2",,included,
ISPY2_479417,train,True,True,6,"0,1,2",,included,
ISPY2_483667,train,True,True,6,"0,1,2",,included,
ISPY2_483910,train,True,True,6,"0,1,2",,included,
ISPY2_484867,train,True,True,6,"0,1,2",,included,
ISPY2_484894,train,True,True,6,"0,1,2",,included,
ISPY2_485637,train,True,True,6,"0,1,2",,included,
ISPY2_489194,train,True,True,6,"0,1,2",,included,
ISPY2_489504,train,True,True,6,"0,1,2",,included,
ISPY2_489973,train,True,True,6,"0,1,2",,included,
ISPY2_490023,train,True,True,6,"0,1,2",,included,
ISPY2_490805,train,True,True,6,"0,1,2",,included,
ISPY2_491526,train,True,True,6,"0,1,2",,included,
ISPY2_491779,train,True,True,6,"0,1,2",,included,
ISPY2_492612,train,True,True,6,"0,1,2",,included,
ISPY2_493472,train,True,True,6,"0,1,2",,included,
ISPY2_493519,train,True,True,6,"0,1,2",,included,
ISPY2_493775,train,True,True,6,"0,1,2",,included,
ISPY2_494022,train,True,True,6,"0,1,2",,included,
ISPY2_494296,train,True,True,6,"0,1,2",,included,
ISPY2_494946,train,True,True,6,"0,1,2",,included,
ISPY2_495440,test,True,True,6,"0,1,2",,included,
ISPY2_496205,train,True,True,6,"0,1,2",,included,
ISPY2_497010,train,True,True,6,"0,1,2",,included,
ISPY2_498024,train,True,True,6,"0,1,2",,included,
ISPY2_498985,train,True,True,6,"0,1,2",,included,
ISPY2_500826,train,True,True,6,"0,1,2",,included,
ISPY2_501303,test,True,True,6,"0,1,2",,included,
ISPY2_502486,train,True,True,6,"0,1,2",,included,
ISPY2_503034,train,True,True,6,"0,1,2",,included,
ISPY2_504838,train,True,True,6,"0,1,2",,included,
ISPY2_506623,train,True,True,6,"0,1,2",,included,
ISPY2_507198,train,True,True,6,"0,1,2",,included,
ISPY2_507249,train,True,True,6,"0,1,2",,included,
ISPY2_509012,train,True,True,6,"0,1,2",,included,
ISPY2_510543,train,True,True,6,"0,1,2",,included,
ISPY2_511851,train,True,True,6,"0,1,2",,included,
ISPY2_515105,train,True,True,6,"0,1,2",,included,
ISPY2_515141,train,True,True,6,"0,1,2",,included,
ISPY2_515281,train,True,True,6,"0,1,2",,included,
ISPY2_515284,train,True,True,6,"0,1,2",,included,
ISPY2_515565,train,True,True,6,"0,1,2",,included,
ISPY2_516763,test,True,True,6,"0,1,2",,included,
ISPY2_516834,train,True,True,6,"0,1,2",,included,
ISPY2_517446,train,True,True,6,"0,1,2",,included,
ISPY2_517870,train,True,True,6,"0,1,2",,included,
ISPY2_518000,train,True,True,6,"0,1,2",,included,
ISPY2_518576,train,True,True,6,"0,1,2",,included,
ISPY2_519738,train,True,True,6,"0,1,2",,included,
ISPY2_520258,train,True,True,6,"0,1,2",,included,
ISPY2_520471,test,True,True,6,"0,1,2",,included,
ISPY2_520986,train,True,True,6,"0,1,2",,included,
ISPY2_521860,train,True,True,6,"0,1,2",,included,
ISPY2_522140,train,True,True,6,"0,1,2",,included,
ISPY2_524170,train,True,True,6,"0,1,2",,included,
ISPY2_527320,train,True,True,6,"0,1,2",,included,
ISPY2_527581,test,True,True,6,"0,1,2",,included,
ISPY2_528479,train,True,True,6,"0,1,2",,included,
ISPY2_528833,train,True,True,6,"0,1,2",,included,
ISPY2_530095,train,True,True,6,"0,1,2",,included,
ISPY2_531672,train,True,True,6,"0,1,2",,included,
ISPY2_531988,test,True,True,6,"0,1,2",,included,
ISPY2_532183,test,True,True,6,"0,1,2",,included,
ISPY2_535415,train,True,True,6,"0,1,2",,included,
ISPY2_535569,train,True,True,6,"0,1,2",,included,
ISPY2_535779,train,True,True,6,"0,1,2",,included,
ISPY2_536253,train,True,True,6,"0,1,2",,included,
ISPY2_539291,train,True,True,6,"0,1,2",,included,
ISPY2_539876,train,True,True,6,"0,1,2",,included,
ISPY2_539904,test,True,True,6,"0,1,2",,included,
ISPY2_540539,train,True,True,6,"0,1,2",,included,
ISPY2_541165,train,True,True,6,"0,1,2",,included,
ISPY2_542392,train,True,True,6,"0,1,2",,included,
ISPY2_543795,train,True,True,6,"0,1,2",,included,
ISPY2_547892,train,True,True,6,"0,1,2",,included,
ISPY2_549172,train,True,True,6,"0,1,2",,included,
ISPY2_550157,train,True,True,6,"0,1,2",,included,
ISPY2_550421,test,True,True,6,"0,1,2",,included,
ISPY2_551795,train,True,True,6,"0,1,2",,included,
ISPY2_552313,train,True,True,6,"0,1,2",,included,
ISPY2_552549,train,True,True,6,"0,1,2",,included,
ISPY2_553012,train,True,True,6,"0,1,2",,included,
ISPY2_553141,train,True,True,6,"0,1,2",,included,
ISPY2_554577,train,True,True,6,"0,1,2",,included,
ISPY2_555214,train,True,True,6,"0,1,2",,included,
ISPY2_559021,train,True,True,6,"0,1,2",,included,
ISPY2_559263,train,True,True,6,"0,1,2",,included,
ISPY2_563681,train,True,True,6,"0,1,2",,included,
ISPY2_563856,train,True,True,6,"0,1,2",,included,
ISPY2_564234,train,True,True,6,"0,1,2",,included,
ISPY2_564701,test,True,True,6,"0,1,2",,included,
ISPY2_566011,train,True,True,6,"0,1,2",,included,
ISPY2_567201,train,True,True,6,"0,1,2",,included,
ISPY2_567907,train,True,True,6,"0,1,2",,included,
ISPY2_568331,train,True,True,6,"0,1,2",,included,
ISPY2_568953,train,True,True,6,"0,1,2",,included,
ISPY2_570148,train,True,True,6,"0,1,2",,included,
ISPY2_570380,train,True,True,6,"0,1,2",,included,
ISPY2_570685,train,True,True,6,"0,1,2",,included,
ISPY2_570966,train,True,True,6,"0,1,2",,included,
ISPY2_571276,train,True,True,6,"0,1,2",,included,
ISPY2_571995,train,True,True,6,"0,1,2",,included,
ISPY2_572016,train,True,True,6,"0,1,2",,included,
ISPY2_572235,train,True,True,6,"0,1,2",,included,
ISPY2_572444,train,True,True,6,"0,1,2",,included,
ISPY2_572731,train,True,True,6,"0,1,2",,included,
ISPY2_572793,train,True,True,6,"0,1,2",,included,
ISPY2_573586,train,True,True,6,"0,1,2",,included,
ISPY2_573605,train,True,True,6,"0,1,2",,included,
ISPY2_573881,train,True,True,6,"0,1,2",,included,
ISPY2_573919,test,True,True,6,"0,1,2",,included,
ISPY2_574091,train,True,True,6,"0,1,2",,included,
ISPY2_575372,train,True,True,6,"0,1,2",,included,
ISPY2_575457,train,True,True,6,"0,1,2",,included,
ISPY2_578975,train,True,True,6,"0,1,2",,included,
ISPY2_579881,test,True,True,6,"0,1,2",,included,
ISPY2_580541,train,True,True,6,"0,1,2",,included,
ISPY2_580632,train,True,True,6,"0,1,2",,included,
ISPY2_581648,train,True,True,6,"0,1,2",,included,
ISPY2_584561,train,True,True,6,"0,1,2",,included,
ISPY2_586091,train,True,True,6,"0,1,2",,included,
ISPY2_586207,train,True,True,6,"0,1,2",,included,
ISPY2_587388,train,True,True,6,"0,1,2",,included,
ISPY2_587604,train,True,True,6,"0,1,2",,included,
ISPY2_587691,train,True,True,6,"0,1,2",,included,
ISPY2_589502,train,True,True,6,"0,1,2",,included,
ISPY2_590220,train,True,True,6,"0,1,2",,included,
ISPY2_590299,train,True,True,6,"0,1,2",,included,
ISPY2_591079,train,True,True,6,"0,1,2",,included,
ISPY2_591180,train,True,True,6,"0,1,2",,included,
ISPY2_591810,train,True,True,6,"0,1,2",,included,
ISPY2_592535,train,True,True,6,"0,1,2",,included,
ISPY2_596079,train,True,True,5,"0,1,2",,included,
ISPY2_596458,train,True,True,6,"0,1,2",,included,
ISPY2_597253,test,True,True,6,"0,1,2",,included,
ISPY2_597873,test,True,True,6,"0,1,2",,included,
ISPY2_597907,train,True,True,6,"0,1,2",,included,
ISPY2_598798,train,True,True,6,"0,1,2",,included,
ISPY2_598835,test,True,True,6,"0,1,2",,included,
ISPY2_600536,train,True,True,6,"0,1,2",,included,
ISPY2_601489,train,True,True,6,"0,1,2",,included,
ISPY2_602451,train,True,True,6,"0,1,2",,included,
ISPY2_602943,train,True,True,6,"0,1,2",,included,
ISPY2_604199,train,True,True,6,"0,1,2",,included,
ISPY2_604326,train,True,True,6,"0,1,2",,included,
ISPY2_604380,train,True,True,6,"0,1,2",,included,
ISPY2_605713,train,True,True,6,"0,1,2",,included,
ISPY2_607047,train,True,True,6,"0,1,2",,included,
ISPY2_607843,train,True,True,6,"0,1,2",,included,
ISPY2_609151,train,True,True,6,"0,1,2",,included,
ISPY2_609642,train,True,True,6,"0,1,2",,included,
ISPY2_609897,train,True,True,6,"0,1,2",,included,
ISPY2_611662,train,True,True,6,"0,1,2",,included,
ISPY2_613188,train,True,True,6,"0,1,2",,included,
ISPY2_613961,train,True,True,6,"0,1,2",,included,
ISPY2_614044,train,True,True,6,"0,1,2",,included,
ISPY2_614434,train,True,True,6,"0,1,2",,included,
ISPY2_615873,train,True,True,6,"0,1,2",,included,
ISPY2_616994,train,True,True,6,"0,1,2",,included,
ISPY2_618240,train,True,True,6,"0,1,2",,included,
ISPY2_618717,train,True,True,6,"0,1,2",,included,
ISPY2_618860,train,True,True,6,"0,1,2",,included,
ISPY2_621179,train,True,True,6,"0,1,2",,included,
ISPY2_622078,test,True,True,6,"0,1,2",,included,
ISPY2_622315,train,True,True,6,"0,1,2",,included,
ISPY2_622688,train,True,True,6,"0,1,2",,included,
ISPY2_623086,train,True,True,6,"0,1,2",,included,
ISPY2_623569,train,True,True,6,"0,1,2",,included,
ISPY2_624777,test,True,True,6,"0,1,2",,included,
ISPY2_625800,train,True,True,6,"0,1,2",,included,
ISPY2_625854,train,True,True,6,"0,1,2",,included,
ISPY2_627118,train,True,True,6,"0,1,2",,included,
ISPY2_627981,train,True,True,6,"0,1,2",,included,
ISPY2_628692,train,True,True,6,"0,1,2",,included,
ISPY2_628788,test,True,True,6,"0,1,2",,included,
ISPY2_628823,train,True,True,6,"0,1,2",,included,
ISPY2_629210,train,True,True,6,"0,1,2",,included,
ISPY2_629371,train,True,True,6,"0,1,2",,included,
ISPY2_629606,train,True,True,6,"0,1,2",,included,
ISPY2_630758,train,True,True,6,"0,1,2",,included,
ISPY2_631299,train,True,True,6,"0,1,2",,included,
ISPY2_631337,test,True,True,6,"0,1,2",,included,
ISPY2_632408,train,True,True,6,"0,1,2",,included,
ISPY2_635632,train,True,True,6,"0,1,2",,included,
ISPY2_635862,train,True,True,6,"0,1,2",,included,
ISPY2_636424,train,True,True,6,"0,1,2",,included,
ISPY2_637051,train,True,True,6,"0,1,2",,included,
ISPY2_637566,train,True,True,6,"0,1,2",,included,
ISPY2_637752,train,True,True,6,"0,1,2",,included,
ISPY2_638126,test,True,True,6,"0,1,2",,included,
ISPY2_639663,test,True,True,6,"0,1,2",,included,
ISPY2_640043,train,True,True,6,"0,1,2",,included,
ISPY2_640463,train,True,True,6,"0,1,2",,included,
ISPY2_640927,train,True,True,6,"0,1,2",,included,
ISPY2_641246,test,True,True,6,"0,1,2",,included,
ISPY2_641697,train,True,True,6,"0,1,2",,included,
ISPY2_641977,train,True,True,6,"0,1,2",,included,
ISPY2_644186,train,True,True,6,"0,1,2",,included,
ISPY2_644609,train,True,True,6,"0,1,2",,included,
ISPY2_646233,train,True,True,6,"0,1,2",,included,
ISPY2_646600,train,True,True,6,"0,1,2",,included,
ISPY2_649198,train,True,True,6,"0,1,2",,included,
ISPY2_650589,train,True,True,6,"0,1,2",,included,
ISPY2_651145,train,True,True,6,"0,1,2",,included,
ISPY2_651401,train,True,True,6,"0,1,2",,included,
ISPY2_651541,train,True,True,6,"0,1,2",,included,
ISPY2_652480,train,True,True,6,"0,1,2",,included,
ISPY2_653325,train,True,True,6,"0,1,2",,included,
ISPY2_653927,train,True,True,6,"0,1,2",,included,
ISPY2_654021,test,True,True,6,"0,1,2",,included,
ISPY2_654064,train,True,True,6,"0,1,2",,included,
ISPY2_654956,train,True,True,6,"0,1,2",,included,
ISPY2_655128,train,True,True,6,"0,1,2",,included,
ISPY2_655703,train,True,True,6,"0,1,2",,included,
ISPY2_655795,train,True,True,6,"0,1,2",,included,
ISPY2_658541,train,True,True,6,"0,1,2",,included,
ISPY2_660534,train,True,True,6,"0,1,2",,included,
ISPY2_660915,train,True,True,6,"0,1,2",,included,
ISPY2_661730,train,True,True,6,"0,1,2",,included,
ISPY2_663144,train,True,True,6,"0,1,2",,included,
ISPY2_663197,train,True,True,6,"0,1,2",,included,
ISPY2_663467,train,True,True,6,"0,1,2",,included,
ISPY2_664111,test,True,True,6,"0,1,2",,included,
ISPY2_664658,train,True,True,6,"0,1,2",,included,
ISPY2_666147,train,True,True,6,"0,1,2",,included,
ISPY2_666450,test,True,True,6,"0,1,2",,included,
ISPY2_666715,train,True,True,6,"0,1,2",,included,
ISPY2_668752,train,True,True,6,"0,1,2",,included,
ISPY2_672734,train,True,True,6,"0,1,2",,included,
ISPY2_674897,train,True,True,6,"0,1,2",,included,
ISPY2_676048,train,True,True,6,"0,1,2",,included,
ISPY2_676365,train,True,True,6,"0,1,2",,included,
ISPY2_676630,train,True,True,6,"0,1,2",,included,
ISPY2_677910,train,True,True,6,"0,1,2",,included,
ISPY2_677915,train,True,True,6,"0,1,2",,included,
ISPY2_679787,train,True,True,6,"0,1,2",,included,
ISPY2_680881,train,True,True,6,"0,1,2",,included,
ISPY2_683173,train,True,True,6,"0,1,2",,included,
ISPY2_683374,train,True,True,6,"0,1,2",,included,
ISPY2_683457,train,True,True,6,"0,1,2",,included,
ISPY2_683896,train,True,True,6,"0,1,2",,included,
ISPY2_685182,train,True,True,6,"0,1,2",,included,
ISPY2_685753,train,True,True,6,"0,1,2",,included,
ISPY2_685795,test,True,True,6,"0,1,2",,included,
ISPY2_687288,train,True,True,6,"0,1,2",,included,
ISPY2_687733,train,True,True,6,"0,1,2",,included,
ISPY2_688291,train,True,True,6,"0,1,2",,included,
ISPY2_688955,train,True,True,6,"0,1,2",,included,
ISPY2_689076,train,True,True,6,"0,1,2",,included,
ISPY2_689188,train,True,True,6,"0,1,2",,included,
ISPY2_689452,test,True,True,6,"0,1,2",,included,
ISPY2_689480,train,True,True,6,"0,1,2",,included,
ISPY2_690089,train,True,True,6,"0,1,2",,included,
ISPY2_690410,train,True,True,6,"0,1,2",,included,
ISPY2_691753,train,True,True,6,"0,1,2",,included,
ISPY2_692885,train,True,True,6,"0,1,2",,included,
ISPY2_695521,train,True,True,6,"0,1,2",,included,
ISPY2_697098,train,True,True,6,"0,1,2",,included,
ISPY2_697871,train,True,True,6,"0,1,2",,included,
ISPY2_698094,train,True,True,6,"0,1,2",,included,
ISPY2_700549,train,True,True,6,"0,1,2",,included,
ISPY2_701790,train,True,True,6,"0,1,2",,included,
ISPY2_703401,train,True,True,6,"0,1,2",,included,
ISPY2_703455,train,True,True,6,"0,1,2",,included,
ISPY2_705381,train,True,True,6,"0,1,2",,included,
ISPY2_706169,train,True,True,6,"0,1,2",,included,
ISPY2_706418,train,True,True,6,"0,1,2",,included,
ISPY2_706639,train,True,True,6,"0,1,2",,included,
ISPY2_706943,train,True,True,6,"0,1,2",,included,
ISPY2_708387,train,True,True,6,"0,1,2",,included,
ISPY2_709559,train,True,True,4,"0,1,2",,included,
ISPY2_711476,train,True,True,6,"0,1,2",,included,
ISPY2_712276,train,True,True,6,"0,1,2",,included,
ISPY2_712785,train,True,True,6,"0,1,2",,included,
ISPY2_712917,train,True,True,6,"0,1,2",,included,
ISPY2_714205,train,True,True,6,"0,1,2",,included,
ISPY2_719713,train,True,True,6,"0,1,2",,included,
ISPY2_720065,train,True,True,6,"0,1,2",,included,
ISPY2_721099,train,True,True,6,"0,1,2",,included,
ISPY2_723918,train,True,True,6,"0,1,2",,included,
ISPY2_724293,train,True,True,6,"0,1,2",,included,
ISPY2_724384,train,True,True,6,"0,1,2",,included,
ISPY2_725455,test,True,True,6,"0,1,2",,included,
ISPY2_726091,train,True,True,6,"0,1,2",,included,
ISPY2_726381,train,True,True,6,"0,1,2",,included,
ISPY2_726940,test,True,True,6,"0,1,2",,included,
ISPY2_727255,test,True,True,6,"0,1,2",,included,
ISPY2_727804,train,True,True,6,"0,1,2",,included,
ISPY2_728149,train,True,True,6,"0,1,2",,included,
ISPY2_728182,train,True,True,6,"0,1,2",,included,
ISPY2_728287,train,True,True,6,"0,1,2",,included,
ISPY2_728714,train,True,True,6,"0,1,2",,included,
ISPY2_729270,train,True,True,6,"0,1,2",,included,
ISPY2_729732,train,True,True,6,"0,1,2",,included,
ISPY2_732137,train,True,True,6,"0,1,2",,included,
ISPY2_733276,train,True,True,6,"0,1,2",,included,
ISPY2_734997,train,True,True,6,"0,1,2",,included,
ISPY2_735673,train,True,True,6,"0,1,2",,included,
ISPY2_736721,test,True,True,6,"0,1,2",,included,
ISPY2_738041,train,True,True,6,"0,1,2",,included,
ISPY2_741535,train,True,True,6,"0,1,2",,included,
ISPY2_742477,train,True,True,6,"0,1,2",,included,
ISPY2_745633,test,True,True,6,"0,1,2",,included,
ISPY2_746265,train,True,True,6,"0,1,2",,included,
ISPY2_746731,train,True,True,6,"0,1,2",,included,
ISPY2_748583,train,True,True,6,"0,1,2",,included,
ISPY2_748611,train,True,True,6,"0,1,2",,included,
ISPY2_749097,train,True,True,6,"0,1,2",,included,
ISPY2_752372,train,True,True,6,"0,1,2",,included,
ISPY2_752469,train,True,True,6,"0,1,2",,included,
ISPY2_753109,train,True,True,6,"0,1,2",,included,
ISPY2_755914,train,True,True,6,"0,1,2",,included,
ISPY2_756412,train,True,True,6,"0,1,2",,included,
ISPY2_759015,train,True,True,6,"0,1,2",,included,
ISPY2_759418,train,True,True,6,"0,1,2",,included,
ISPY2_760011,train,True,True,6,"0,1,2",,included,
ISPY2_760901,train,True,True,6,"0,1,2",,included,
ISPY2_765671,train,True,True,6,"0,1,2",,included,
ISPY2_765773,train,True,True,6,"0,1,2",,included,
ISPY2_766301,train,True,True,6,"0,1,2",,included,
ISPY2_766967,train,True,True,6,"0,1,2",,included,
ISPY2_767081,train,True,True,6,"0,1,2",,included,
ISPY2_767934,train,True,True,6,"0,1,2",,included,
ISPY2_768214,train,True,True,6,"0,1,2",,included,
ISPY2_769972,train,True,True,6,"0,1,2",,included,
ISPY2_771151,train,True,True,6,"0,1,2",,included,
ISPY2_771443,train,True,True,6,"0,1,2",,included,
ISPY2_771813,train,True,True,6,"0,1,2",,included,
ISPY2_774840,train,True,True,6,"0,1,2",,included,
ISPY2_775346,train,True,True,6,"0,1,2",,included,
ISPY2_778020,train,True,True,6,"0,1,2",,included,
ISPY2_778527,train,True,True,6,"0,1,2",,included,
ISPY2_779739,train,True,True,6,"0,1,2",,included,
ISPY2_780272,train,True,True,6,"0,1,2",,included,
ISPY2_781335,train,True,True,6,"0,1,2",,included,
ISPY2_781642,train,True,True,6,"0,1,2",,included,
ISPY2_782334,train,True,True,6,"0,1,2",,included,
ISPY2_783427,train,True,True,6,"0,1,2",,included,
ISPY2_783578,test,True,True,6,"0,1,2",,included,
ISPY2_783764,train,True,True,6,"0,1,2",,included,
ISPY2_783771,test,True,True,6,"0,1,2",,included,
ISPY2_786003,train,True,True,6,"0,1,2",,included,
ISPY2_786480,train,True,True,6,"0,1,2",,included,
ISPY2_786753,train,True,True,6,"0,1,2",,included,
ISPY2_787415,train,True,True,6,"0,1,2",,included,
ISPY2_788149,train,True,True,6,"0,1,2",,included,
ISPY2_789497,train,True,True,6,"0,1,2",,included,
ISPY2_790070,train,True,True,6,"0,1,2",,included,
ISPY2_790397,train,True,True,6,"0,1,2",,included,
ISPY2_790722,train,True,True,6,"0,1,2",,included,
ISPY2_791321,test,True,True,6,"0,1,2",,included,
ISPY2_791944,train,True,True,6,"0,1,2",,included,
ISPY2_792181,train,True,True,6,"0,1,2",,included,
ISPY2_792412,train,True,True,6,"0,1,2",,included,
ISPY2_793155,test,True,True,6,"0,1,2",,included,
ISPY2_793684,train,True,True,6,"0,1,2",,included,
ISPY2_794128,train,True,True,6,"0,1,2",,included,
ISPY2_794428,train,True,True,6,"0,1,2",,included,
ISPY2_795996,train,True,True,6,"0,1,2",,included,
ISPY2_796558,train,True,True,6,"0,1,2",,included,
ISPY2_797427,train,True,True,6,"0,1,2",,included,
ISPY2_797499,train,True,True,6,"0,1,2",,included,
ISPY2_797639,train,True,True,6,"0,1,2",,included,
ISPY2_798604,train,True,True,6,"0,1,2",,included,
ISPY2_799149,train,True,True,6,"0,1,2",,included,
ISPY2_800447,train,True,True,6,"0,1,2",,included,
ISPY2_800710,train,True,True,6,"0,1,2",,included,
ISPY2_801641,test,True,True,6,"0,1,2",,included,
ISPY2_802105,train,True,True,6,"0,1,2",,included,
ISPY2_802308,train,True,True,6,"0,1,2",,included,
ISPY2_802778,train,True,True,6,"0,1,2",,included,
ISPY2_803514,train,True,True,6,"0,1,2",,included,
ISPY2_803677,train,True,True,6,"0,1,2",,included,
ISPY2_804233,train,True,True,6,"0,1,2",,included,
ISPY2_804979,train,True,True,6,"0,1,2",,included,
ISPY2_805136,train,True,True,6,"0,1,2",,included,
ISPY2_808714,train,True,True,6,"0,1,2",,included,
ISPY2_809037,train,True,True,6,"0,1,2",,included,
ISPY2_809649,train,True,True,6,"0,1,2",,included,
ISPY2_810965,train,True,True,6,"0,1,2",,included,
ISPY2_812089,train,True,True,6,"0,1,2",,included,
ISPY2_814299,test,True,True,6,"0,1,2",,included,
ISPY2_815421,train,True,True,6,"0,1,2",,included,
ISPY2_815493,train,True,True,6,"0,1,2",,included,
ISPY2_819622,train,True,True,6,"0,1,2",,included,
ISPY2_820348,train,True,True,6,"0,1,2",,included,
ISPY2_820807,train,True,True,6,"0,1,2",,included,
ISPY2_823618,train,True,True,6,"0,1,2",,included,
ISPY2_824234,train,True,True,6,"0,1,2",,included,
ISPY2_824350,train,True,True,6,"0,1,2",,included,
ISPY2_824512,train,True,True,6,"0,1,2",,included,
ISPY2_825363,train,True,True,6,"0,1,2",,included,
ISPY2_828199,test,True,True,6,"0,1,2",,included,
ISPY2_829491,train,True,True,6,"0,1,2",,included,
ISPY2_830486,test,True,True,6,"0,1,2",,included,
ISPY2_830958,train,True,True,6,"0,1,2",,included,
ISPY2_831702,train,True,True,6,"0,1,2",,included,
ISPY2_831848,train,True,True,6,"0,1,2",,included,
ISPY2_832056,train,True,True,6,"0,1,2",,included,
ISPY2_833536,train,True,True,6,"0,1,2",,included,
ISPY2_834418,train,True,True,6,"0,1,2",,included,
ISPY2_835658,train,True,True,6,"0,1,2",,included,
ISPY2_836114,train,True,True,6,"0,1,2",,included,
ISPY2_836983,train,True,True,6,"0,1,2",,included,
ISPY2_839274,train,True,True,6,"0,1,2",,included,
ISPY2_840501,train,True,True,6,"0,1,2",,included,
ISPY2_841336,train,True,True,6,"0,1,2",,included,
ISPY2_843554,train,True,True,6,"0,1,2",,included,
ISPY2_845079,train,True,True,6,"0,1,2",,included,
ISPY2_845147,train,True,True,6,"0,1,2",,included,
ISPY2_845663,train,True,True,6,"0,1,2",,included,
ISPY2_845783,train,True,True,6,"0,1,2",,included,
ISPY2_846156,test,True,True,6,"0,1,2",,included,
ISPY2_847272,train,True,True,6,"0,1,2",,included,
ISPY2_847753,train,True,True,6,"0,1,2",,included,
ISPY2_848003,train,True,True,6,"0,1,2",,included,
ISPY2_848371,train,True,True,6,"0,1,2",,included,
ISPY2_849605,train,True,True,6,"0,1,2",,included,
ISPY2_851180,train,True,True,6,"0,1,2",,included,
ISPY2_851223,train,True,True,6,"0,1,2",,included,
ISPY2_851488,train,True,True,6,"0,1,2",,included,
ISPY2_856159,train,True,True,6,"0,1,2",,included,
ISPY2_857165,train,True,True,6,"0,1,2",,included,
ISPY2_859699,test,True,True,6,"0,1,2",,included,
ISPY2_860243,train,True,True,6,"0,1,2",,included,
ISPY2_860901,train,True,True,6,"0,1,2",,included,
ISPY2_861745,train,True,True,6,"0,1,2",,included,
ISPY2_862244,train,True,True,6,"0,1,2",,included,
ISPY2_863161,test,True,True,6,"0,1,2",,included,
ISPY2_865416,train,True,True,6,"0,1,2",,included,
ISPY2_866660,train,True,True,6,"0,1,2",,included,
ISPY2_870077,test,True,True,6,"0,1,2",,included,
ISPY2_872188,test,True,True,6,"0,1,2",,included,
ISPY2_873686,train,True,True,6,"0,1,2",,included,
ISPY2_875089,train,True,True,6,"0,1,2",,included,
ISPY2_876511,train,True,True,6,"0,1,2",,included,
ISPY2_877463,test,True,True,6,"0,1,2",,included,
ISPY2_879224,train,True,True,6,"0,1,2",,included,
ISPY2_882538,train,True,True,6,"0,1,2",,included,
ISPY2_882553,train,True,True,6,"0,1,2",,included,
ISPY2_883696,train,True,True,6,"0,1,2",,included,
ISPY2_883886,train,True,True,6,"0,1,2",,included,
ISPY2_884011,train,True,True,6,"0,1,2",,included,
ISPY2_884266,train,True,True,6,"0,1,2",,included,
ISPY2_885590,train,True,True,6,"0,1,2",,included,
ISPY2_885871,train,True,True,6,"0,1,2",,included,
ISPY2_887594,test,True,True,6,"0,1,2",,included,
ISPY2_889049,train,True,True,6,"0,1,2",,included,
ISPY2_889225,train,True,True,6,"0,1,2",,included,
ISPY2_889721,train,True,True,6,"0,1,2",,included,
ISPY2_890372,train,True,True,6,"0,1,2",,included,
ISPY2_890414,train,True,True,6,"0,1,2",,included,
ISPY2_891645,train,True,True,6,"0,1,2",,included,
ISPY2_892390,train,True,True,6,"0,1,2",,included,
ISPY2_893874,train,True,True,6,"0,1,2",,included,
ISPY2_894128,train,True,True,6,"0,1,2",,included,
ISPY2_894491,train,True,True,6,"0,1,2",,included,
ISPY2_894673,test,True,True,6,"0,1,2",,included,
ISPY2_895653,train,True,True,6,"0,1,2",,included,
ISPY2_896621,test,True,True,6,"0,1,2",,included,
ISPY2_896852,train,True,True,6,"0,1,2",,included,
ISPY2_896939,train,True,True,6,"0,1,2",,included,
ISPY2_898618,train,True,True,6,"0,1,2",,included,
ISPY2_899381,train,True,True,6,"0,1,2",,included,
ISPY2_899692,train,True,True,6,"0,1,2",,included,
ISPY2_900959,train,True,True,6,"0,1,2",,included,
ISPY2_901705,train,True,True,6,"0,1,2",,included,
ISPY2_903880,train,True,True,6,"0,1,2",,included,
ISPY2_904269,train,True,True,6,"0,1,2",,included,
ISPY2_905264,train,True,True,6,"0,1,2",,included,
ISPY2_906042,train,True,True,6,"0,1,2",,included,
ISPY2_906795,train,True,True,6,"0,1,2",,included,
ISPY2_910188,train,True,True,6,"0,1,2",,included,
ISPY2_910706,train,True,True,6,"0,1,2",,included,
ISPY2_912836,train,True,True,6,"0,1,2",,included,
ISPY2_913225,train,True,True,6,"0,1,2",,included,
ISPY2_913527,train,True,True,6,"0,1,2",,included,
ISPY2_914968,train,True,True,6,"0,1,2",,included,
ISPY2_916586,test,True,True,6,"0,1,2",,included,
ISPY2_916645,train,True,True,6,"0,1,2",,included,
ISPY2_917762,train,True,True,6,"0,1,2",,included,
ISPY2_918979,train,True,True,6,"0,1,2",,included,
ISPY2_920479,train,True,True,6,"0,1,2",,included,
ISPY2_922872,train,True,True,6,"0,1,2",,included,
ISPY2_923968,train,True,True,6,"0,1,2",,included,
ISPY2_924071,train,True,True,6,"0,1,2",,included,
ISPY2_924812,train,True,True,6,"0,1,2",,included,
ISPY2_924868,train,True,True,6,"0,1,2",,included,
ISPY2_924895,train,True,True,6,"0,1,2",,included,
ISPY2_925691,train,True,True,6,"0,1,2",,included,
ISPY2_928170,train,True,True,6,"0,1,2",,included,
ISPY2_928446,train,True,True,6,"0,1,2",,included,
ISPY2_928815,train,True,True,6,"0,1,2",,included,
ISPY2_929391,train,True,True,6,"0,1,2",,included,
ISPY2_929980,train,True,True,6,"0,1,2",,included,
ISPY2_930172,test,True,True,5,"0,1,2",,included,
ISPY2_930853,train,True,True,6,"0,1,2",,included,
ISPY2_930903,train,True,True,6,"0,1,2",,included,
ISPY2_932200,train,True,True,6,"0,1,2",,included,
ISPY2_934459,train,True,True,6,"0,1,2",,included,
ISPY2_934906,train,True,True,6,"0,1,2",,included,
ISPY2_935460,train,True,True,6,"0,1,2",,included,
ISPY2_938719,train,True,True,6,"0,1,2",,included,
ISPY2_940186,train,True,True,6,"0,1,2",,included,
ISPY2_941191,train,True,True,6,"0,1,2",,included,
ISPY2_941926,train,True,True,6,"0,1,2",,included,
ISPY2_942017,train,True,True,6,"0,1,2",,included,
ISPY2_943633,train,True,True,6,"0,1,2",,included,
ISPY2_943879,train,True,True,6,"0,1,2",,included,
ISPY2_944419,train,True,True,6,"0,1,2",,included,
ISPY2_944536,train,True,True,6,"0,1,2",,included,
ISPY2_946927,train,True,True,6,"0,1,2",,included,
ISPY2_947398,train,True,True,6,"0,1,2",,included,
ISPY2_949444,train,True,True,6,"0,1,2",,included,
ISPY2_950131,train,True,True,6,"0,1,2",,included,
ISPY2_950742,train,True,True,6,"0,1,2",,included,
ISPY2_953262,train,True,True,6,"0,1,2",,included,
ISPY2_953885,train,True,True,6,"0,1,2",,included,
ISPY2_955035,train,True,True,6,"0,1,2",,included,
ISPY2_955953,train,True,True,6,"0,1,2",,included,
ISPY2_957408,train,True,True,6,"0,1,2",,included,
ISPY2_959366,train,True,True,6,"0,1,2",,included,
ISPY2_960029,train,True,True,6,"0,1,2",,included,
ISPY2_960490,test,True,True,6,"0,1,2",,included,
ISPY2_960963,train,True,True,6,"0,1,2",,included,
ISPY2_962153,train,True,True,6,"0,1,2",,included,
ISPY2_962472,test,True,True,6,"0,1,2",,included,
ISPY2_962664,train,True,True,6,"0,1,2",,included,
ISPY2_962827,train,True,True,6,"0,1,2",,included,
ISPY2_963303,train,True,True,6,"0,1,2",,included,
ISPY2_963604,train,True,True,6,"0,1,2",,included,
ISPY2_965265,train,True,True,6,"0,1,2",,included,
ISPY2_966016,train,True,True,6,"0,1,2",,included,
ISPY2_970839,train,True,True,6,"0,1,2",,included,
ISPY2_971492,train,True,True,6,"0,1,2",,included,
ISPY2_972307,train,True,True,6,"0,1,2",,included,
ISPY2_973837,test,True,True,6,"0,1,2",,included,
ISPY2_974181,train,True,True,6,"0,1,2",,included,
ISPY2_974618,train,True,True,6,"0,1,2",,included,
ISPY2_981461,test,True,True,6,"0,1,2",,included,
ISPY2_981664,test,True,True,6,"0,1,2",,included,
ISPY2_982086,train,True,True,6,"0,1,2",,included,
ISPY2_982505,train,True,True,6,"0,1,2",,included,
ISPY2_983841,train,True,True,6,"0,1,2",,included,
ISPY2_986734,test,True,True,6,"0,1,2",,included,
ISPY2_987728,train,True,True,6,"0,1,2",,included,
ISPY2_987914,train,True,True,6,"0,1,2",,included,
ISPY2_987995,train,True,True,6,"0,1,2",,included,
ISPY2_988443,train,True,True,6,"0,1,2",,included,
ISPY2_988665,train,True,True,6,"0,1,2",,included,
ISPY2_990443,train,True,True,6,"0,1,2",,included,
ISPY2_991818,test,True,True,6,"0,1,2",,included,
ISPY2_992609,train,True,True,6,"0,1,2",,included,
ISPY2_994987,train,True,True,6,"0,1,2",,included,
ISPY2_995480,train,True,True,6,"0,1,2",,included,
ISPY2_997702,train,True,True,6,"0,1,2",,included,
ISPY2_999264,train,True,True,6,"0,1,2",,included,
ISPY2_999733,train,True,True,6,"0,1,2",,included,
NACT_01,train,True,True,3,"0,1,2",,included,
NACT_02,test,True,True,3,"0,1,2",,included,
NACT_03,train,True,True,3,"0,1,2",,included,
NACT_04,train,True,True,3,"0,1,2",,included,
NACT_06,train,True,True,3,"0,1,2",,included,
NACT_07,train,True,True,3,"0,1,2",,included,
NACT_08,test,True,True,3,"0,1,2",,included,
NACT_09,test,True,True,3,"0,1,2",,included,
NACT_11,train,True,True,3,"0,1,2",,included,
NACT_12,train,True,True,3,"0,1,2",,included,
NACT_13,test,True,True,3,"0,1,2",,included,
NACT_14,train,True,True,3,"0,1,2",,included,
NACT_15,train,True,True,3,"0,1,2",,included,
NACT_17,test,True,True,3,"0,1,2",,included,
NACT_18,test,True,True,4,"0,1,2",,included,
NACT_19,train,True,True,3,"0,1,2",,included,
NACT_20,train,True,True,4,"0,1,2",,included,
NACT_21,train,True,True,3,"0,1,2",,included,
NACT_22,train,True,True,3,"0,1,2",,included,
NACT_23,train,True,True,4,"0,1,2",,included,
NACT_24,train,True,True,3,"0,1,2",,included,
NACT_25,train,True,True,3,"0,1,2",,included,
NACT_26,train,True,True,3,"0,1,2",,included,
NACT_27,test,True,True,3,"0,1,2",,included,
NACT_28,test,True,True,3,"0,1,2",,included,
NACT_29,test,True,True,3,"0,1,2",,included,
NACT_30,train,True,True,3,"0,1,2",,included,
NACT_31,train,True,True,3,"0,1,2",,included,
NACT_32,test,True,True,3,"0,1,2",,included,
NACT_33,train,True,True,3,"0,1,2",,included,
NACT_34,train,True,True,3,"0,1,2",,included,
NACT_35,train,True,True,3,"0,1,2",,included,
NACT_36,train,True,True,5,"0,1,2",,included,
NACT_37,train,True,True,3,"0,1,2",,included,
NACT_39,test,True,True,3,"0,1,2",,included,
NACT_40,train,True,True,3,"0,1,2",,included,
NACT_41,test,True,True,3,"0,1,2",,included,
NACT_42,train,True,True,6,"0,1,2",,included,
NACT_43,train,True,True,3,"0,1,2",,included,
NACT_44,test,True,True,3,"0,1,2",,included,
NACT_45,train,True,True,3,"0,1,2",,included,
NACT_46,train,True,True,3,"0,1,2",,included,
NACT_47,train,True,True,3,"0,1,2",,included,
NACT_48,train,True,True,3,"0,1,2",,included,
NACT_49,train,True,True,3,"0,1,2",,included,
NACT_50,train,True,True,3,"0,1,2",,included,
NACT_51,train,True,True,3,"0,1,2",,included,
NACT_52,train,True,True,3,"0,1,2",,included,
NACT_53,train,True,True,3,"0,1,2",,included,
NACT_54,train,True,True,3,"0,1,2",,included,
NACT_55,test,True,True,3,"0,1,2",,included,
NACT_56,train,True,True,3,"0,1,2",,included,
NACT_57,test,True,True,3,"0,1,2",,included,
NACT_58,train,True,True,3,"0,1,2",,included,
NACT_59,train,True,True,3,"0,1,2",,included,
NACT_60,test,True,True,3,"0,1,2",,included,
NACT_61,train,True,True,3,"0,1,2",,included,
NACT_62,train,True,True,3,"0,1,2",,included,
NACT_63,train,True,True,3,"0,1,2",,included,
NACT_64,train,True,True,3,"0,1,2",,included,
NACT_65,train,True,True,3,"0,1,2",,included,
NACT_66,train,True,True,4,"0,1,2",,included,
NACT_67,test,True,True,3,"0,1,2",,included,
NACT_68,train,True,True,3,"0,1,2",,included,
