case_id,cohort,conv_vox,conv_vol_ml,conv_sx,conv_sy,conv_sz,conv_shape,conv_ncomp,conv_largest_frac,conv_second_frac,conv_main_ml,conv_spurious_ml,conv_far_vox,conv_far_mm,resenc_vox,resenc_vol_ml,resenc_sx,resenc_sy,resenc_sz,resenc_shape,resenc_ncomp,resenc_largest_frac,resenc_second_frac,resenc_main_ml,resenc_spurious_ml,resenc_far_vox,resenc_far_mm,dsc_conv,normhd_conv,dsc_resenc,normhd_resenc
DUKE_019,DUKE,12627,15.6802,1.0625,1.0625,1.1,320x320x160,5,0.8073,0.1525,12.6589,3.0213,148.8,158.64,13076,16.2377,1.0625,1.0625,1.1,320x320x160,5,0.7957,0.2028,12.9197,3.3181,154.16,164.09,0.6806,0.8744,0.6836,0.8775
DUKE_021,DUKE,107554,59.2473,0.7422,0.7422,1.0,512x512x176,21,0.8975,0.0866,53.1718,6.0754,304.1,226.09,113628,62.5932,0.7422,0.7422,1.0,512x512x176,10,0.892,0.1047,55.8331,6.7602,283.16,210.56,0.1066,1.9716,0.1177,1.9382
DUKE_028,DUKE,240312,146.6748,0.7812,0.7812,1.0,448x448x208,43,0.7823,0.1677,114.7418,31.933,298.33,238.64,188971,115.3387,0.7812,0.7812,1.0,448x448x208,7,0.9956,0.0042,114.8273,0.5115,195.92,153.5,0.8412,1.7287,0.9539,0.0298
DUKE_044,DUKE,9571,6.0639,0.7589,0.7589,1.1,448x448x128,7,0.5355,0.4146,3.247,2.8169,152.46,116.67,8313,5.2669,0.7589,0.7589,1.1,448x448x128,7,0.4654,0.4469,2.4513,2.8156,188.75,145.55,0.503,1.2206,0.5474,1.108
DUKE_046,DUKE,69502,48.6972,0.8371,0.8371,1.0,448x448x256,13,0.7133,0.1721,34.738,13.9592,328.44,283.14,54963,38.5103,0.8371,0.8371,1.0,448x448x256,9,0.9908,0.0058,38.1579,0.3524,134.47,117.07,0.6837,1.8775,0.813,0.0763
DUKE_055,DUKE,5574,2.3153,0.6445,0.6445,1.0,512x512x170,6,0.6746,0.2266,1.5618,0.7535,250.16,168.15,3495,1.4518,0.6445,0.6445,1.0,512x512x170,2,0.9997,0.0003,1.4513,0.0004,14.06,10.21,0.6946,1.6042,0.8718,0.0283
DUKE_057,DUKE,171077,165.7036,0.8036,0.8036,1.5,448x448x112,24,0.9218,0.0656,152.7399,12.9636,216.49,174.08,183743,177.9717,0.8036,0.8036,1.5,448x448x112,12,0.9197,0.072,163.6744,14.2974,213.34,171.55,0.7622,1.1335,0.7609,1.1333
DUKE_060,DUKE,20424,9.5443,0.6836,0.6836,1.0,512x512x178,3,0.7239,0.27,6.9087,2.6356,110.09,103.57,14473,6.7634,0.6836,0.6836,1.0,512x512x178,2,0.9997,0.0003,6.761,0.0023,286.65,197.8,0.7632,0.5951,0.9026,0.034
DUKE_069,DUKE,9567,4.2193,0.6641,0.6641,1.0,512x512x196,9,0.4322,0.3471,1.8237,2.3957,247.92,172.1,5004,2.2069,0.6641,0.6641,1.0,512x512x196,5,0.8131,0.1715,1.7945,0.4124,209.52,139.57,0.4986,1.5217,0.7584,1.3017
DUKE_086,DUKE,53677,32.7618,0.7812,0.7812,1.0,448x448x208,42,0.5359,0.193,17.5555,15.2063,361.9,288.51,42810,26.1292,0.7812,0.7812,1.0,448x448x208,41,0.398,0.1384,10.3986,15.7306,269.38,210.45,0.6358,2.133,0.7104,1.4538
DUKE_099,DUKE,28245,11.0332,0.625,0.625,1.0,512x512x148,9,0.5919,0.257,6.5305,4.5027,308.58,192.88,25910,10.1211,0.625,0.625,1.0,512x512x148,14,0.6569,0.2756,6.6481,3.4731,312.07,195.51,0.6544,1.8647,0.6995,1.6945
DUKE_101,DUKE,49089,25.855,0.692,0.692,1.1,448x448x160,39,0.417,0.2988,10.782,15.073,304.39,211.62,27202,14.3272,0.692,0.692,1.1,448x448x160,6,0.6594,0.3396,9.4479,4.8793,308.11,214.56,0.2533,1.9752,0.4008,1.9942
DUKE_116,DUKE,27491,17.4175,0.7589,0.7589,1.1,448x448x176,13,0.5432,0.2993,9.4617,7.9557,289.44,220.93,27309,17.3022,0.7589,0.7589,1.1,448x448x176,10,0.5527,0.4449,9.5631,7.7391,241.29,184.05,0.6531,1.8576,0.6646,1.509
DUKE_120,DUKE,3159,5.0996,0.8036,0.8036,2.5,448x448x60,7,0.529,0.3739,2.6975,2.4021,327.39,265.93,2005,3.2367,0.8036,0.8036,2.5,448x448x60,5,0.8409,0.1466,2.7217,0.515,221.41,181.36,0.606,2.1005,0.7841,1.2166
DUKE_134,DUKE,2210,1.0328,0.6836,0.6836,1.0,512x512x142,3,0.7724,0.1692,0.7977,0.2351,220.91,152.65,2187,1.022,0.6836,0.6836,1.0,512x512x142,3,0.738,0.1994,0.7542,0.2678,221.58,153.13,0.7288,1.4164,0.7335,1.4252
DUKE_136,DUKE,40775,13.9972,0.5859,0.5859,1.0,512x512x170,19,0.8108,0.1771,11.3485,2.6487,320.81,191.31,7051,2.4205,0.5859,0.5859,1.0,512x512x170,6,0.9637,0.0243,2.3326,0.0879,324.96,195.64,0.262,2.0989,0.9082,2.0134
DUKE_157,DUKE,32985,14.7912,0.6696,0.6696,1.0,448x448x176,11,0.7226,0.2666,10.6881,4.1031,232.51,155.71,24265,10.8809,0.6696,0.6696,1.0,448x448x176,6,0.9861,0.0114,10.7294,0.1516,237.94,159.44,0.7914,1.3986,0.9319,0.034
DUKE_163,DUKE,94180,41.5361,0.6641,0.6641,1.0,512x512x150,8,0.8235,0.1655,34.2053,7.3308,279.28,190.99,92726,40.8948,0.6641,0.6641,1.0,512x512x150,9,0.8617,0.1312,35.2386,5.6562,262.03,180.54,0.816,1.5227,0.8424,1.5159
DUKE_167,DUKE,17422,8.6125,0.7031,0.7031,1.0,512x512x176,10,0.4291,0.3951,3.6953,4.9173,329.04,231.92,8626,4.2643,0.7031,0.7031,1.0,512x512x176,4,0.8663,0.094,3.6943,0.57,321.08,226.72,0.4467,2.0896,0.6138,2.0532
DUKE_189,DUKE,24209,17.1956,0.8036,0.8036,1.1,448x448x160,3,0.704,0.2943,12.1063,5.0893,221.39,181.63,27354,19.4295,0.8036,0.8036,1.1,448x448x160,10,0.6534,0.2455,12.6952,6.7344,311.03,250.79,0.7196,1.2319,0.6902,1.976
DUKE_205,DUKE,71433,31.504,0.6641,0.6641,1.0,512x512x160,7,0.9379,0.0542,29.548,1.956,390.32,261.57,65778,29.01,0.6641,0.6641,1.0,512x512x160,1,1.0,0.0,29.01,0.0,0.0,0.0,0.854,0.7381,0.8685,0.067
DUKE_234,DUKE,72803,32.1083,0.6641,0.6641,1.0,512x512x192,9,0.5465,0.3689,17.5477,14.5606,249.18,171.9,86081,37.9642,0.6641,0.6641,1.0,512x512x192,6,0.491,0.4617,18.6405,19.3237,267.79,184.34,0.6295,1.484,0.5851,1.4969
DUKE_237,DUKE,22318,31.0708,1.125,1.125,1.1,320x320x144,18,0.5175,0.4742,16.0784,14.9925,118.74,133.56,11014,15.3336,1.125,1.125,1.1,320x320x144,2,0.9995,0.0005,15.3266,0.007,121.04,135.79,0.5667,0.7875,0.8868,0.0163
DUKE_244,DUKE,18668,6.4083,0.5859,0.5859,1.0,512x512x156,6,0.7333,0.2552,4.6991,1.7092,417.12,245.53,17258,5.9243,0.5859,0.5859,1.0,512x512x156,2,0.8245,0.1755,4.8849,1.0394,417.06,245.52,0.7397,2.7221,0.7807,2.7144
DUKE_253,DUKE,18513,11.2994,0.7812,0.7812,1.0,448x448x208,11,0.6817,0.2997,7.7026,3.5968,207.22,164.7,22046,13.4558,0.7812,0.7812,1.0,448x448x208,6,0.7186,0.2679,9.6692,3.7866,212.51,167.88,0.4144,1.4163,0.3663,1.4416
DUKE_271,DUKE,48736,67.8497,1.125,1.125,1.1,320x320x160,28,0.7695,0.2222,52.2098,15.6398,134.16,150.89,35194,48.9966,1.125,1.125,1.1,320x320x160,29,0.6719,0.3068,32.9211,16.0756,140.88,158.43,0.3215,0.9467,0.4175,0.957
DUKE_283,DUKE,99246,54.6706,0.7422,0.7422,1.0,512x512x176,34,0.638,0.2522,34.8799,19.7907,337.99,251.88,209877,115.6127,0.7422,0.7422,1.0,512x512x176,10,0.8045,0.1585,93.0109,22.6018,265.67,197.19,0.0972,1.7222,0.0461,1.7612
DUKE_285,DUKE,31495,19.0843,0.7422,0.7422,1.1,512x512x176,7,0.881,0.0839,16.8126,2.2717,467.59,348.65,30981,18.7728,0.7422,0.7422,1.1,512x512x176,7,0.9289,0.0694,17.4385,1.3343,280.65,208.4,0.8523,2.6963,0.8724,1.0209
DUKE_287,DUKE,31420,13.8571,0.6641,0.6641,1.0,512x512x166,6,0.8935,0.099,12.3819,1.4752,243.7,167.68,33229,14.6549,0.6641,0.6641,1.0,512x512x166,12,0.8704,0.1169,12.7559,1.8991,243.56,167.46,0.64,1.3647,0.6478,1.3725
DUKE_303,DUKE,28575,14.126,0.7031,0.7031,1.0,512x512x168,17,0.4552,0.2586,6.4295,7.6965,341.76,240.88,24078,11.903,0.7031,0.7031,1.0,512x512x168,19,0.539,0.3674,6.4152,5.4878,369.13,271.09,0.5857,2.1456,0.6538,2.2239
DUKE_307,DUKE,35023,29.1957,0.8705,0.8705,1.1,448x448x208,6,0.3551,0.3536,10.3685,18.8272,269.05,242.67,20186,16.8274,0.8705,0.8705,1.1,448x448x208,11,0.503,0.4839,8.4637,8.3637,282.25,255.87,0.3738,1.7448,0.567,1.7383
DUKE_317,DUKE,73984,36.574,0.7031,0.7031,1.0,512x512x168,13,0.3209,0.3166,11.7373,24.8366,336.47,236.58,25490,12.601,0.7031,0.7031,1.0,512x512x168,5,0.9113,0.0745,11.4837,1.1172,247.09,173.75,0.4534,2.2636,0.9038,1.5202
DUKE_323,DUKE,5265,3.3357,0.7589,0.7589,1.1,448x448x128,5,0.9812,0.012,3.273,0.0627,258.55,196.31,5185,3.2851,0.7589,0.7589,1.1,448x448x128,4,0.9734,0.0197,3.1976,0.0874,258.44,196.18,0.8448,1.5499,0.8492,1.4762
DUKE_346,DUKE,105234,70.6618,0.7813,0.7813,1.1,512x512x176,49,0.56,0.419,39.5726,31.0892,195.39,152.74,57975,38.9287,0.7813,0.7813,1.1,512x512x176,75,0.7954,0.0361,30.9657,7.963,241.13,188.65,0.5345,1.3244,0.7921,1.3346
DUKE_353,DUKE,8267,4.7616,0.7589,0.7589,1.0,448x448x176,13,0.2798,0.2078,1.3322,3.4293,274.74,209.03,10432,6.0085,0.7589,0.7589,1.0,448x448x176,19,0.4009,0.2506,2.4087,3.5998,261.81,199.06,0.2128,1.6475,0.2993,1.6161
DUKE_377,DUKE,14944,7.3876,0.7031,0.7031,1.0,512x512x176,11,0.7383,0.1673,5.4542,1.9334,242.65,170.9,12597,6.2273,0.7031,0.7031,1.0,512x512x176,5,0.8901,0.1024,5.5431,0.6842,179.76,126.43,0.7563,1.5124,0.8353,1.1006
DUKE_383,DUKE,279811,89.7659,0.5664,0.5664,1.0,512x512x146,16,0.9181,0.0518,82.4152,7.3507,309.47,175.86,234134,75.1123,0.5664,0.5664,1.0,512x512x146,1,1.0,0.0,75.1123,0.0,0.0,0.0,0.8242,1.5268,0.8116,0.1781
DUKE_385,DUKE,45468,39.8715,0.8929,0.8929,1.1,448x448x240,36,0.4984,0.1747,19.87,20.0015,269.23,254.22,22115,19.3929,0.8929,0.8929,1.1,448x448x240,42,0.2626,0.2436,5.0931,14.2998,304.53,272.11,0.362,1.8085,0.3552,1.5935
DUKE_397,DUKE,13635,6.0134,0.6641,0.6641,1.0,512x512x180,4,0.7333,0.2662,4.4094,1.604,32.69,28.04,13947,6.151,0.6641,0.6641,1.0,512x512x180,4,0.7347,0.2624,4.5192,1.6318,32.17,27.6,0.3595,0.2537,0.3553,0.2528
DUKE_398,DUKE,3261,1.4623,0.6696,0.6696,1.0,448x448x144,3,0.9148,0.0595,1.3376,0.1247,288.69,193.41,3297,1.4784,0.6696,0.6696,1.0,448x448x144,3,0.852,0.1438,1.2596,0.2188,258.46,174.16,0.7729,1.8522,0.7457,1.6575
DUKE_408,DUKE,25860,10.1016,0.625,0.625,1.0,512x512x186,10,0.4665,0.3158,4.7121,5.3895,316.83,206.17,943,0.3684,0.625,0.625,1.0,512x512x186,7,0.6585,0.2365,0.2426,0.1258,55.8,40.39,0.0433,1.9937,0.4968,0.2582
DUKE_414,DUKE,21751,11.9818,0.7422,0.7422,1.0,512x512x176,6,0.8253,0.0624,9.8891,2.0927,313.18,235.39,21331,11.7504,0.7422,0.7422,1.0,512x512x176,4,0.972,0.0257,11.4215,0.3289,267.62,198.97,0.7859,1.8614,0.8517,1.482
DUKE_420,DUKE,170296,319.305,1.25,1.25,1.2,320x320x160,27,0.9621,0.019,307.2131,12.0919,198.35,247.25,163157,305.9194,1.25,1.25,1.2,320x320x160,11,0.9882,0.0101,302.3081,3.6113,167.05,208.74,0.9438,0.904,0.9524,0.0669
DUKE_424,DUKE,7514,3.9245,0.7227,0.7227,1.0,512x512x170,2,0.9736,0.0264,3.8211,0.1034,189.46,137.39,12929,6.7528,0.7227,0.7227,1.0,512x512x170,4,0.5542,0.4409,3.7422,3.0105,297.49,217.02,0.7266,0.0565,0.5208,1.9982
DUKE_428,DUKE,10238,5.2235,0.7143,0.7143,1.0,448x448x160,5,0.608,0.2902,3.176,2.0474,147.06,105.79,7345,3.7474,0.7143,0.7143,1.0,448x448x160,2,0.8506,0.1494,3.1878,0.5597,147.78,106.31,0.6478,0.8439,0.7716,0.8568
DUKE_431,DUKE,2925,4.9496,1.1875,1.1875,1.2,320x320x160,8,0.3285,0.2865,1.6262,3.3235,130.56,155.07,1774,3.0019,1.1875,1.1875,1.2,320x320x160,3,0.4825,0.4301,1.4485,1.5534,130.51,155.02,0.3662,0.8215,0.5139,0.826
DUKE_438,DUKE,64071,33.9086,0.6641,0.6641,1.2,512x512x162,10,0.5026,0.4101,17.0414,16.8673,326.65,220.52,63803,33.7668,0.6641,0.6641,1.2,512x512x162,11,0.5038,0.3794,17.0133,16.7535,335.12,227.96,0.1148,1.622,0.1155,1.6169
DUKE_457,DUKE,4058,6.2947,1.1875,1.1875,1.1,320x320x160,2,0.7563,0.2437,4.7605,1.5341,200.17,237.7,4884,7.5759,1.1875,1.1875,1.1,320x320x160,4,0.6202,0.3788,4.6985,2.8774,198.88,236.16,0.6918,1.2878,0.6289,1.2876
DUKE_470,DUKE,27047,15.5392,0.7227,0.7227,1.1,512x512x200,13,0.5478,0.1107,8.5127,7.0264,226.94,171.15,22203,12.7562,0.7227,0.7227,1.1,512x512x200,8,0.7961,0.1824,10.1553,2.6009,252.48,188.83,0.5467,1.365,0.6416,1.6057
DUKE_480,DUKE,128968,63.7552,0.7031,0.7031,1.0,512x512x176,41,0.7605,0.1673,48.4853,15.27,363.6,261.84,126112,62.3434,0.7031,0.7031,1.0,512x512x176,8,0.8272,0.172,51.573,10.7704,365.86,263.79,0.269,1.8793,0.2761,1.8628
DUKE_482,DUKE,20721,12.6471,0.7812,0.7812,1.0,448x448x208,15,0.6438,0.1409,8.1421,4.505,277.88,222.38,17421,10.6329,0.7812,0.7812,1.0,448x448x208,4,0.7671,0.193,8.1567,2.4762,218.84,171.06,0.2511,1.776,0.2914,1.4767
DUKE_508,DUKE,52351,25.8798,0.7031,0.7031,1.0,512x512x174,18,0.5158,0.3355,13.3485,12.5313,211.47,156.37,44520,22.0085,0.7031,0.7031,1.0,512x512x174,12,0.6697,0.2206,14.7401,7.2684,214.06,158.85,0.5934,1.2362,0.7024,1.225
DUKE_514,DUKE,9310,4.6024,0.7031,0.7031,1.0,512x512x174,4,0.9928,0.0057,4.5693,0.0331,397.75,279.94,9225,4.5604,0.7031,0.7031,1.0,512x512x174,1,1.0,0.0,4.5604,0.0,0.0,0.0,0.9175,0.0094,0.9246,0.0094
DUKE_525,DUKE,72772,40.0872,0.7422,0.7422,1.0,512x512x196,10,0.7274,0.1787,29.1581,10.9291,310.08,238.93,23401,12.8907,0.7422,0.7422,1.0,512x512x196,25,0.5534,0.4145,7.1342,5.7565,264.21,199.38,0.294,2.1525,0.6885,1.4487
DUKE_539,DUKE,36724,16.1963,0.6641,0.6641,1.0,512x512x182,12,0.7661,0.1878,12.4083,3.788,71.01,52.71,46603,20.5532,0.6641,0.6641,1.0,512x512x182,29,0.7516,0.2105,15.4479,5.1053,68.98,52.04,0.6882,0.0822,0.7394,0.0476
DUKE_541,DUKE,21908,12.2953,0.7143,0.7143,1.1,448x448x160,21,0.4556,0.3739,5.6016,6.6937,308.08,220.19,8206,4.6054,0.7143,0.7143,1.1,448x448x160,5,0.9909,0.0069,4.5633,0.0421,229.9,166.61,0.4829,1.6415,0.892,0.0189
DUKE_559,DUKE,75243,47.6717,0.7589,0.7589,1.1,448x448x160,4,0.7444,0.2556,35.4862,12.1854,235.64,178.97,76735,48.617,0.7589,0.7589,1.1,448x448x160,5,0.739,0.2609,35.9297,12.6872,235.75,179.05,0.3765,1.6128,0.3759,1.6134
DUKE_560,DUKE,58198,32.6357,0.6836,0.6836,1.2,512x512x142,12,0.5162,0.4571,16.845,15.7907,321.71,222.39,42911,24.0632,0.6836,0.6836,1.2,512x512x142,19,0.6253,0.3497,15.046,9.0172,272.61,187.65,0.5541,1.6841,0.6835,1.6827
DUKE_562,DUKE,29194,17.8186,0.7812,0.7812,1.0,448x448x208,6,0.9186,0.0394,16.3684,1.4502,299.56,242.35,22550,13.7634,0.7812,0.7812,1.0,448x448x208,2,0.9998,0.0002,13.761,0.0024,52.8,41.71,0.8941,1.7956,0.8767,0.024
DUKE_567,DUKE,51545,31.4645,0.7813,0.7813,1.0,512x512x190,13,0.5315,0.1999,16.7245,14.74,341.1,267.74,36819,22.4754,0.7813,0.7813,1.0,512x512x190,4,0.7913,0.1779,17.7842,4.6911,271.55,212.18,0.6523,2.1281,0.8175,1.6468
DUKE_568,DUKE,39439,28.0135,0.8036,0.8036,1.1,448x448x160,35,0.6575,0.2335,18.4181,9.5954,239.62,196.86,37712,26.7868,0.8036,0.8036,1.1,448x448x160,33,0.6729,0.2444,18.026,8.7608,237.88,195.59,0.3401,1.6586,0.3503,1.6571
DUKE_573,DUKE,15095,8.3152,0.7422,0.7422,1.0,512x512x174,7,0.4876,0.4764,4.0549,4.2604,359.53,276.03,6782,3.7359,0.7422,0.7422,1.0,512x512x174,4,0.9978,0.0018,3.7277,0.0083,309.59,234.32,0.5567,2.103,0.8544,0.0249
DUKE_585,DUKE,17996,6.1776,0.5859,0.5859,1.0,512x512x144,12,0.582,0.2724,3.5951,2.5825,301.24,178.52,7756,2.6625,0.5859,0.5859,1.0,512x512x144,5,0.71,0.2067,1.8904,0.772,63.63,37.84,0.3632,1.8906,0.6682,0.2306
DUKE_592,DUKE,93661,41.3072,0.6641,0.6641,1.0,512x512x160,16,0.6492,0.3396,26.8185,14.4887,281.16,186.87,83994,37.0438,0.6641,0.6641,1.0,512x512x160,18,0.7333,0.2603,27.1638,9.8799,304.73,202.66,0.6967,1.679,0.7473,1.6347
DUKE_605,DUKE,12870,8.154,0.7589,0.7589,1.1,448x448x160,9,0.6476,0.3458,5.2808,2.8732,256.3,195.51,18500,11.721,0.7589,0.7589,1.1,448x448x160,4,0.5475,0.4523,6.4174,5.3036,189.83,146.46,0.6756,1.1854,0.5525,1.2017
DUKE_609,DUKE,21276,10.5178,0.7031,0.7031,1.0,512x512x168,7,0.5504,0.4024,5.7888,4.7289,199.89,141.02,12833,6.344,0.7031,0.7031,1.0,512x512x168,1,1.0,0.0,6.344,0.0,0.0,0.0,0.5881,1.0087,0.8281,0.017
DUKE_614,DUKE,4298,5.9836,1.125,1.125,1.1,320x320x144,3,0.7908,0.1906,4.732,1.2516,134.28,151.0,3596,5.0063,1.125,1.125,1.1,320x320x144,11,0.9363,0.025,4.6875,0.3188,174.68,196.51,0.6304,0.6264,0.6701,1.0594
DUKE_615,DUKE,7810,4.247,0.7031,0.7031,1.1,512x512x200,4,0.7,0.2763,2.9729,1.2741,259.65,182.72,8774,4.7712,0.7031,0.7031,1.1,512x512x200,9,0.5952,0.3794,2.8396,1.9315,270.98,190.56,0.7183,1.6875,0.6629,1.706
DUKE_640,DUKE,12181,4.7582,0.625,0.625,1.0,512x512x142,6,0.8797,0.0971,4.1859,0.5723,313.57,195.98,10933,4.2707,0.625,0.625,1.0,512x512x142,3,0.9545,0.0448,4.0766,0.1941,22.36,14.58,0.4343,1.9874,0.4693,0.1661
DUKE_642,DUKE,28887,14.014,0.6641,0.6641,1.1,512x512x156,3,0.8618,0.1381,12.0769,1.9371,227.47,155.63,4279,2.0759,0.6641,0.6641,1.1,512x512x156,4,0.9946,0.0037,2.0647,0.0112,219.84,153.49,0.2155,1.5456,0.8968,0.0094
DUKE_651,DUKE,4878,6.7911,1.125,1.125,1.1,320x320x160,6,0.4604,0.3881,3.1269,3.6642,196.93,220.45,2639,3.674,1.125,1.125,1.1,320x320x160,5,0.5116,0.3482,1.8795,1.7945,197.93,221.56,0.0691,1.0394,0.1233,1.0237
DUKE_663,DUKE,19266,8.4969,0.6641,0.6641,1.0,512x512x160,1,1.0,0.0,8.4969,0.0,0.0,0.0,19126,8.4351,0.6641,0.6641,1.0,512x512x160,2,0.9973,0.0027,8.4126,0.0225,227.31,151.11,0.9313,0.0094,0.9349,0.0094
DUKE_670,DUKE,6284,1.7472,0.5273,0.5273,1.0,512x512x148,3,0.6575,0.3394,1.1489,0.5984,163.3,128.86,4021,1.118,0.5273,0.5273,1.0,512x512x148,1,1.0,0.0,1.118,0.0,0.0,0.0,0.7075,1.0386,0.894,0.0275
DUKE_687,DUKE,14766,8.0295,0.7031,0.7031,1.1,512x512x176,3,0.5385,0.4615,4.3236,3.7059,146.79,130.56,6621,3.6004,0.7031,0.7031,1.1,512x512x176,1,1.0,0.0,3.6004,0.0,0.0,0.0,0.5206,0.9867,0.8692,0.0133
DUKE_691,DUKE,54598,24.0793,0.6641,0.6641,1.0,512x512x146,10,0.7136,0.2832,17.1834,6.8959,201.37,133.85,49194,21.696,0.6641,0.6641,1.0,512x512x146,4,0.7589,0.2402,16.4654,5.2306,211.36,140.64,0.4503,1.1903,0.4328,1.1825
DUKE_718,DUKE,63817,53.5709,0.8036,0.8036,1.3,448x448x128,12,0.542,0.4403,29.0347,24.5361,197.5,158.75,65215,54.7444,0.8036,0.8036,1.3,448x448x128,9,0.5538,0.4455,30.3174,24.427,207.94,167.1,0.5387,1.3903,0.535,1.3582
DUKE_754,DUKE,25963,17.4312,0.7812,0.7812,1.1,448x448x208,8,0.3334,0.3203,5.8115,11.6197,293.91,235.28,11091,7.4464,0.7812,0.7812,1.1,448x448x208,4,0.7733,0.1968,5.7585,1.6879,271.38,214.15,0.4621,1.778,0.7919,1.5563
DUKE_757,DUKE,14822,6.5369,0.6641,0.6641,1.0,512x512x182,2,0.9989,0.0011,6.5294,0.0075,222.54,152.07,14646,6.4593,0.6641,0.6641,1.0,512x512x182,1,1.0,0.0,6.4593,0.0,0.0,0.0,0.9449,0.0191,0.9441,0.0189
DUKE_775,DUKE,106670,54.8326,0.6836,0.6836,1.1,512x512x192,16,0.7719,0.1485,42.324,12.5086,208.84,147.06,69417,35.6831,0.6836,0.6836,1.1,512x512x192,10,0.6302,0.2594,22.4877,13.1954,233.61,163.71,0.2219,1.3963,0.3504,1.3923
DUKE_780,DUKE,18779,11.4618,0.7812,0.7812,1.0,448x448x208,10,0.6844,0.2445,7.8442,3.6176,249.51,194.93,12678,7.738,0.7812,0.7812,1.0,448x448x208,9,0.6208,0.3735,4.8035,2.9346,223.94,175.6,0.28,1.4584,0.3902,1.4548
DUKE_789,DUKE,35988,20.8798,0.7617,0.7617,1.0,512x512x186,13,0.5496,0.2092,11.4749,9.4048,331.51,253.18,62062,36.0076,0.7617,0.7617,1.0,512x512x186,12,0.8319,0.1166,29.9533,6.0543,290.15,221.01,0.328,1.916,0.2009,2.0319
DUKE_799,DUKE,75294,38.4153,0.7143,0.7143,1.0,448x448x176,58,0.743,0.1699,28.5434,9.8719,175.67,127.38,34681,17.6944,0.7143,0.7143,1.0,448x448x176,8,0.626,0.3704,11.076,6.6184,176.8,130.64,0.2635,1.1841,0.4947,1.1837
DUKE_817,DUKE,434598,220.6945,0.625,0.625,1.3,512x512x156,18,0.9136,0.074,201.6327,19.0618,347.99,219.43,196710,99.8919,0.625,0.625,1.3,512x512x156,10,0.8409,0.1579,83.9999,15.892,283.49,177.19,0.123,1.8481,0.2261,1.8045
DUKE_832,DUKE,19716,8.1217,0.5859,0.5859,1.2,512x512x158,8,0.7107,0.2807,5.7724,2.3493,291.0,173.22,14011,5.7716,0.5859,0.5859,1.2,512x512x158,1,1.0,0.0,5.7716,0.0,0.0,0.0,0.718,1.7261,0.8558,0.0512
DUKE_836,DUKE,9426,3.0239,0.5664,0.5664,1.0,512x512x142,7,0.5184,0.2454,1.5675,1.4565,274.96,156.53,5846,1.8754,0.5664,0.5664,1.0,512x512x142,3,0.5257,0.4538,0.9858,0.8896,86.86,60.32,0.2424,1.3269,0.4257,0.4925
DUKE_839,DUKE,70927,31.2808,0.6641,0.6641,1.0,512x512x172,16,0.3626,0.3283,11.3424,19.9385,261.69,177.16,21896,9.6568,0.6641,0.6641,1.0,512x512x172,2,0.9996,0.0004,9.6532,0.0035,260.5,173.58,0.4572,1.6468,0.697,0.0736
DUKE_847,DUKE,12752,7.611,0.7366,0.7366,1.1,448x448x160,8,0.558,0.3679,4.2472,3.3638,237.69,178.88,18346,10.9498,0.7366,0.7366,1.1,448x448x160,14,0.3852,0.3427,4.2173,6.7325,237.57,178.77,0.0,1.4642,0.0,1.5067
DUKE_869,DUKE,48296,16.579,0.5859,0.5859,1.0,512x512x168,3,0.948,0.0428,15.717,0.862,326.33,199.76,48139,16.5251,0.5859,0.5859,1.0,512x512x168,2,0.9542,0.0458,15.7689,0.7562,299.48,179.59,0.8779,1.8451,0.8774,1.7898
DUKE_882,DUKE,17407,8.1344,0.6836,0.6836,1.0,512x512x172,6,0.6996,0.1586,5.6909,2.4436,410.94,283.23,13154,6.147,0.6836,0.6836,1.0,512x512x172,3,0.9997,0.0002,6.1451,0.0019,27.43,18.86,0.6959,2.5977,0.8432,0.0149
DUKE_883,DUKE,34093,24.2162,0.8036,0.8036,1.1,448x448x160,7,0.4148,0.3228,10.0443,14.1719,203.45,168.84,21274,15.1109,0.8036,0.8036,1.1,448x448x160,10,0.4464,0.405,6.745,8.3659,253.52,204.79,0.379,1.7027,0.5398,1.6965
DUKE_915,DUKE,101189,47.2865,0.6836,0.6836,1.0,512x512x160,8,0.6871,0.2074,32.492,14.7945,270.64,185.09,101749,47.5482,0.6836,0.6836,1.0,512x512x160,9,0.6998,0.2112,33.2757,14.2726,274.62,187.76,0.6707,1.5768,0.6812,1.5829
ISPY1_1005,ISPY1,60580,53.9097,0.7031,0.7031,1.8,256x256x60,14,0.995,0.0012,53.6401,0.2696,44.55,36.77,57114,50.8253,0.7031,0.7031,1.8,256x256x60,9,0.9985,0.0006,50.7479,0.0774,43.51,35.54,0.7807,0.0298,0.8109,0.0221
ISPY1_1007,ISPY1,5860,6.5185,0.7031,0.7031,2.25,256x256x64,1,1.0,0.0,6.5185,0.0,0.0,0.0,5967,6.6375,0.7031,0.7031,2.25,256x256x64,1,1.0,0.0,6.6375,0.0,0.0,0.0,0.8038,0.0333,0.8111,0.0327
ISPY1_1017,ISPY1,10137,12.3743,0.7812,0.7812,2.0,256x256x60,1,1.0,0.0,12.3743,0.0,0.0,0.0,10318,12.5952,0.7812,0.7812,2.0,256x256x60,1,1.0,0.0,12.5952,0.0,0.0,0.0,0.8629,0.0291,0.8646,0.0283
ISPY1_1027,ISPY1,17909,22.1348,0.7031,0.7031,2.5,256x256x56,1,1.0,0.0,22.1348,0.0,0.0,0.0,18697,23.1088,0.7031,0.7031,2.5,256x256x56,1,1.0,0.0,23.1088,0.0,0.0,0.0,0.9411,0.0094,0.9411,0.0094
ISPY1_1036,ISPY1,10619,16.2033,0.7812,0.7812,2.5,256x256x60,3,0.961,0.0207,15.5716,0.6317,39.62,32.57,12756,19.4641,0.7812,0.7812,2.5,256x256x60,3,0.9607,0.0262,18.6996,0.7645,43.87,35.83,0.7847,0.0427,0.8207,0.0333
ISPY1_1040,ISPY1,67087,53.2305,0.625,0.625,2.0312,256x256x64,1,1.0,0.0,53.2305,0.0,0.0,0.0,68969,54.7238,0.625,0.625,2.0312,256x256x64,3,0.9809,0.0191,53.6781,1.0458,52.01,33.65,0.9518,0.0094,0.9453,0.0333
ISPY1_1042,ISPY1,4249,4.2013,0.7031,0.7031,2.0,256x256x64,1,1.0,0.0,4.2013,0.0,0.0,0.0,4429,4.3793,0.7031,0.7031,2.0,256x256x64,3,0.9962,0.0027,4.3625,0.0168,16.09,18.94,0.7801,0.0149,0.7643,0.0149
ISPY1_1051,ISPY1,21400,26.123,0.7812,0.7812,2.0,256x256x60,1,1.0,0.0,26.123,0.0,0.0,0.0,24081,29.3958,0.7812,0.7812,2.0,256x256x60,3,0.9993,0.0006,29.3762,0.0195,41.93,33.23,0.7856,0.1009,0.8207,0.0604
ISPY1_1053,ISPY1,2028,2.5529,0.7812,0.7812,2.0625,256x256x64,1,1.0,0.0,2.5529,0.0,0.0,0.0,1888,2.3767,0.7812,0.7812,2.0625,256x256x64,1,1.0,0.0,2.3767,0.0,0.0,0.0,0.7172,0.0249,0.7402,0.0221
ISPY1_1072,ISPY1,9017,11.3511,0.7812,0.7812,2.0625,256x256x64,4,0.9961,0.0027,11.307,0.0441,43.56,35.05,8450,10.6373,0.7812,0.7812,2.0625,256x256x64,1,1.0,0.0,10.6373,0.0,0.0,0.0,0.745,0.0149,0.7567,0.0149
ISPY1_1074,ISPY1,89359,88.3555,0.7031,0.7031,2.0,256x256x64,25,0.9212,0.0333,81.3925,6.9629,91.31,64.5,95335,94.2643,0.7031,0.7031,2.0,256x256x64,20,0.9644,0.0117,90.9055,3.3589,94.58,67.67,0.0321,0.627,0.0299,0.6353
ISPY1_1082,ISPY1,4395,5.5326,0.7812,0.7812,2.0625,256x256x64,1,1.0,0.0,5.5326,0.0,0.0,0.0,4703,5.9204,0.7812,0.7812,2.0625,256x256x64,1,1.0,0.0,5.9204,0.0,0.0,0.0,0.7691,0.0721,0.7574,0.0576
ISPY1_1084,ISPY1,36378,66.6102,0.7812,0.7812,3.0,256x256x54,2,0.8543,0.1457,56.9074,9.7028,106.43,86.95,5439,9.9591,0.7812,0.7812,3.0,256x256x54,6,0.9737,0.0165,9.6973,0.2618,135.56,109.75,0.8598,0.5548,0.0073,0.5888
ISPY1_1087,ISPY1,7217,8.9199,0.7031,0.7031,2.5,256x256x62,1,1.0,0.0,8.9199,0.0,0.0,0.0,7017,8.6727,0.7031,0.7031,2.5,256x256x62,1,1.0,0.0,8.6727,0.0,0.0,0.0,0.8573,0.0158,0.8657,0.0149
ISPY1_1089,ISPY1,124585,152.0807,0.7812,0.7812,2.0,256x256x60,19,0.9924,0.006,150.9173,1.1633,126.9,103.74,90667,110.677,0.7812,0.7812,2.0,256x256x60,20,0.9952,0.003,110.146,0.531,61.96,51.7,0.8162,0.0521,0.7967,0.0333
ISPY1_1090,ISPY1,9414,11.8508,0.7812,0.7812,2.0625,256x256x64,3,0.983,0.0154,11.6494,0.2014,35.94,28.11,9291,11.696,0.7812,0.7812,2.0625,256x256x64,3,0.9761,0.0237,11.4165,0.2795,32.07,25.07,0.8225,0.0211,0.8255,0.0189
ISPY1_1094,ISPY1,27826,33.9673,0.7812,0.7812,2.0,256x256x60,3,0.9991,0.0009,33.9355,0.0317,38.86,39.75,27372,33.4131,0.7812,0.7812,2.0,256x256x60,3,0.9993,0.0004,33.3911,0.022,38.83,35.05,0.7385,0.0786,0.7412,0.0846
ISPY1_1097,ISPY1,22211,31.18,0.7812,0.7812,2.3,256x256x64,2,0.9872,0.0128,30.7799,0.4001,30.59,34.6,22421,31.4748,0.7812,0.7812,2.3,256x256x64,3,0.9962,0.0037,31.3555,0.1193,33.14,36.15,0.8983,0.0333,0.8965,0.02
ISPY1_1101,ISPY1,24537,31.45,0.7812,0.7812,2.1,256x256x60,1,1.0,0.0,31.45,0.0,0.0,0.0,23264,29.8184,0.7812,0.7812,2.1,256x256x60,1,1.0,0.0,29.8184,0.0,0.0,0.0,0.6098,0.1482,0.6157,0.1996
ISPY1_1103,ISPY1,42282,19.3552,0.3906,0.3906,3.0,512x512x44,14,0.9705,0.0213,18.7843,0.5708,123.06,52.1,43173,19.763,0.3906,0.3906,3.0,512x512x44,1,1.0,0.0,19.763,0.0,0.0,0.0,0.3105,0.5225,0.3084,0.3403
ISPY1_1114,ISPY1,79352,36.3245,0.3906,0.3906,3.0,512x512x44,1,1.0,0.0,36.3245,0.0,0.0,0.0,79392,36.3428,0.3906,0.3906,3.0,512x512x44,1,1.0,0.0,36.3428,0.0,0.0,0.0,0.8383,0.0699,0.8383,0.0734
ISPY1_1139,ISPY1,106185,162.0255,0.7812,0.7812,2.5,256x256x64,10,0.9988,0.0006,161.8256,0.1999,66.29,53.09,118632,181.0181,0.7812,0.7812,2.5,256x256x64,12,0.9969,0.0012,180.4611,0.5569,61.03,59.22,0.8273,0.0333,0.8183,0.0275
ISPY1_1140,ISPY1,29264,56.1917,0.8594,0.8594,2.6,256x256x60,10,0.9968,0.0011,56.0132,0.1786,58.56,57.04,30419,58.4095,0.8594,0.8594,2.6,256x256x60,10,0.9956,0.0013,58.1503,0.2592,60.02,58.55,0.4687,0.1157,0.4572,0.1043
ISPY1_1141,ISPY1,26640,48.7794,0.7812,0.7812,3.0,256x256x50,2,0.9999,0.0001,48.7758,0.0037,16.96,24.7,29241,53.542,0.7812,0.7812,3.0,256x256x50,3,0.9995,0.0003,53.5127,0.0293,38.72,32.72,0.8957,0.0133,0.8979,0.0133
ISPY1_1145,ISPY1,102780,156.8299,0.7812,0.7812,2.5,256x256x66,14,0.9991,0.0002,156.688,0.1419,89.14,74.5,121648,185.6202,0.7812,0.7812,2.5,256x256x66,11,0.9978,0.0014,185.2204,0.3998,85.38,71.35,0.8288,0.0411,0.8818,0.0411
ISPY1_1148,ISPY1,5832,5.7665,0.7031,0.7031,2.0,256x256x64,1,1.0,0.0,5.7665,0.0,0.0,0.0,6064,5.9959,0.7031,0.7031,2.0,256x256x64,2,0.9993,0.0007,5.9919,0.004,26.49,18.8,0.8448,0.0094,0.8399,0.0115
ISPY1_1149,ISPY1,2947,2.9139,0.7031,0.7031,2.0,256x256x64,1,1.0,0.0,2.9139,0.0,0.0,0.0,2958,2.9248,0.7031,0.7031,2.0,256x256x64,3,0.9943,0.0041,2.908,0.0168,34.54,47.4,0.7754,0.0432,0.7759,0.0432
ISPY1_1150,ISPY1,19373,23.6487,0.7812,0.7812,2.0,256x256x64,1,1.0,0.0,23.6487,0.0,0.0,0.0,20916,25.5322,0.7812,0.7812,2.0,256x256x64,3,0.9953,0.004,25.4126,0.1196,48.18,39.5,0.889,0.024,0.8763,0.02
ISPY1_1151,ISPY1,27074,38.0067,0.7812,0.7812,2.3,256x256x64,18,0.4432,0.4124,16.8443,21.1624,125.94,98.42,15907,22.3304,0.7812,0.7812,2.3,256x256x64,27,0.5945,0.2137,13.2758,9.0546,108.16,84.63,0.181,0.4386,0.2912,0.3598
ISPY1_1156,ISPY1,98033,44.8759,0.3906,0.3906,3.0,512x512x44,7,0.9857,0.0066,44.2355,0.6404,105.77,41.39,104268,47.7301,0.3906,0.3906,3.0,512x512x44,5,0.9887,0.0058,47.1908,0.5392,107.21,45.34,0.7938,0.0313,0.8122,0.0275
ISPY1_1159,ISPY1,49373,48.8185,0.7031,0.7031,2.0,256x256x64,2,0.9999,0.0001,48.8156,0.003,21.33,28.71,49875,49.3149,0.7031,0.7031,2.0,256x256x64,1,1.0,0.0,49.3149,0.0,0.0,0.0,0.9274,0.0211,0.9244,0.02
ISPY1_1160,ISPY1,12992,14.3924,0.8594,0.8594,1.5,256x256x240,5,0.8984,0.0712,12.9301,1.4623,162.58,239.47,15135,16.7664,0.8594,0.8594,1.5,256x256x240,9,0.8724,0.0671,14.6272,2.1391,171.85,248.87,0.7573,0.8905,0.7603,1.0727
ISPY1_1161,ISPY1,41774,51.6311,0.7031,0.7031,2.5,256x256x60,2,0.9969,0.0031,51.4717,0.1594,60.06,42.29,41196,50.9168,0.7031,0.7031,2.5,256x256x60,1,1.0,0.0,50.9168,0.0,0.0,0.0,0.9254,0.0133,0.9291,0.0133
ISPY1_1164,ISPY1,8125,9.9182,0.7812,0.7812,2.0,256x256x64,1,1.0,0.0,9.9182,0.0,0.0,0.0,8177,9.9817,0.7812,0.7812,2.0,256x256x64,1,1.0,0.0,9.9817,0.0,0.0,0.0,0.9332,0.0067,0.9305,0.0067
ISPY1_1167,ISPY1,28071,25.6998,0.7812,0.7812,1.5,256x256x240,9,0.9276,0.0701,23.8394,1.8604,163.43,244.07,37190,34.0485,0.7812,0.7812,1.5,256x256x240,2,0.9993,0.0007,34.0256,0.0229,94.16,139.89,0.4206,0.241,0.5113,0.2122
ISPY1_1169,ISPY1,24912,11.4038,0.3906,0.3906,3.0,512x512x44,1,1.0,0.0,11.4038,0.0,0.0,0.0,24574,11.2491,0.3906,0.3906,3.0,512x512x44,1,1.0,0.0,11.2491,0.0,0.0,0.0,0.9592,0.0067,0.956,0.0067
ISPY1_1173,ISPY1,108727,132.7228,0.7812,0.7812,2.0,256x256x60,13,0.9129,0.0759,121.1628,11.56,80.54,64.2,104514,127.58,0.7812,0.7812,2.0,256x256x60,11,0.998,0.0016,127.3212,0.2588,63.88,50.23,0.811,0.1018,0.8306,0.0604
ISPY1_1175,ISPY1,55207,67.3914,0.7812,0.7812,2.0,256x256x64,1,1.0,0.0,67.3914,0.0,0.0,0.0,54729,66.8079,0.7812,0.7812,2.0,256x256x64,1,1.0,0.0,66.8079,0.0,0.0,0.0,0.9505,0.0133,0.9469,0.0133
ISPY1_1176,ISPY1,6227,7.6963,0.7031,0.7031,2.5,256x256x58,2,0.9969,0.0031,7.6729,0.0235,32.78,23.89,7188,8.8841,0.7031,0.7031,2.5,256x256x58,1,1.0,0.0,8.8841,0.0,0.0,0.0,0.7661,0.0947,0.8488,0.0411
ISPY1_1179,ISPY1,20407,9.3416,0.3906,0.3906,3.0,512x512x44,1,1.0,0.0,9.3416,0.0,0.0,0.0,20577,9.4194,0.3906,0.3906,3.0,512x512x44,1,1.0,0.0,9.4194,0.0,0.0,0.0,0.8729,0.0189,0.8737,0.0163
ISPY1_1180,ISPY1,4459,8.1647,0.7812,0.7812,3.0,256x256x52,1,1.0,0.0,8.1647,0.0,0.0,0.0,4610,8.4412,0.7812,0.7812,3.0,256x256x52,1,1.0,0.0,8.4412,0.0,0.0,0.0,0.9233,0.0067,0.9125,0.0094
ISPY1_1181,ISPY1,70011,69.2247,0.7031,0.7031,2.0,256x256x64,6,0.9941,0.0056,68.8144,0.4103,75.9,55.79,72955,72.1357,0.7031,0.7031,2.0,256x256x64,7,0.9991,0.0006,72.0675,0.0682,73.84,58.57,0.7998,0.034,0.8015,0.0327
ISPY1_1183,ISPY1,50558,23.1436,0.3906,0.3906,3.0,512x512x44,5,0.9939,0.0048,23.0031,0.1405,76.94,30.73,51283,23.4755,0.3906,0.3906,3.0,512x512x44,6,0.9965,0.0024,23.3945,0.081,91.26,37.66,0.7863,0.0211,0.7928,0.024
ISPY1_1187,ISPY1,81785,121.2998,0.7031,0.7031,3.0,256x256x54,57,0.9857,0.005,119.5615,1.7383,116.81,85.19,76638,113.666,0.7031,0.7031,3.0,256x256x54,7,0.9994,0.0003,113.5992,0.0667,88.92,69.51,0.8156,0.2982,0.8301,0.1732
ISPY1_1191,ISPY1,5835,7.2118,0.7031,0.7031,2.5,256x256x56,1,1.0,0.0,7.2118,0.0,0.0,0.0,5892,7.2823,0.7031,0.7031,2.5,256x256x56,1,1.0,0.0,7.2823,0.0,0.0,0.0,0.86,0.078,0.8616,0.0792
ISPY1_1193,ISPY1,8734,10.6616,0.7812,0.7812,2.0,256x256x64,1,1.0,0.0,10.6616,0.0,0.0,0.0,8624,10.5273,0.7812,0.7812,2.0,256x256x64,1,1.0,0.0,10.5273,0.0,0.0,0.0,0.9064,0.0094,0.9092,0.0094
ISPY1_1194,ISPY1,169234,209.1668,0.7031,0.7031,2.5,256x256x60,12,0.9994,0.0004,209.0469,0.1199,84.89,62.08,183245,226.4838,0.7031,0.7031,2.5,256x256x60,6,0.9998,0.0002,226.4307,0.0531,62.98,55.31,0.9189,0.0149,0.9175,0.02
ISPY1_1199,ISPY1,78781,77.8963,0.7031,0.7031,2.0,256x256x64,5,0.9987,0.001,77.7964,0.0999,44.41,40.71,84037,83.0932,0.7031,0.7031,2.0,256x256x64,8,0.9991,0.0007,83.0161,0.0771,45.78,44.4,0.833,0.0452,0.8473,0.0467
ISPY1_1201,ISPY1,20921,9.5769,0.3906,0.3906,3.0,512x512x44,2,0.9951,0.0049,9.5297,0.0471,46.52,20.81,18555,8.4938,0.3906,0.3906,3.0,512x512x44,2,0.9966,0.0034,8.465,0.0288,56.11,24.37,0.7985,0.1556,0.8396,0.0533
ISPY1_1202,ISPY1,5457,2.498,0.3906,0.3906,3.0,512x512x44,1,1.0,0.0,2.498,0.0,0.0,0.0,4305,1.9707,0.3906,0.3906,3.0,512x512x44,1,1.0,0.0,1.9707,0.0,0.0,0.0,0.6929,0.02,0.6858,0.0335
ISPY1_1203,ISPY1,31554,31.1996,0.7031,0.7031,2.0,256x256x64,6,0.5456,0.3296,17.0236,14.176,69.72,59.68,23095,22.8356,0.7031,0.7031,2.0,256x256x64,5,0.7799,0.1532,17.8097,5.0259,54.9,49.12,0.6335,0.2031,0.7842,0.1458
ISPY1_1208,ISPY1,56313,68.7415,0.7812,0.7812,2.0,256x256x64,22,0.8665,0.1114,59.5642,9.1772,78.54,61.36,58446,71.3452,0.7812,0.7812,2.0,256x256x64,18,0.9821,0.0114,70.0696,1.2756,76.26,60.24,0.4407,0.2134,0.4497,0.222
ISPY1_1210,ISPY1,31183,30.8328,0.7031,0.7031,2.0,256x256x64,3,0.9864,0.0135,30.4145,0.4182,53.67,43.92,32400,32.0361,0.7031,0.7031,2.0,256x256x64,3,0.9924,0.0076,31.7929,0.2432,57.06,42.81,0.8902,0.0149,0.8867,0.0149
ISPY1_1215,ISPY1,26241,32.0325,0.7812,0.7812,2.0,256x256x60,1,1.0,0.0,32.0325,0.0,0.0,0.0,25970,31.7016,0.7812,0.7812,2.0,256x256x60,1,1.0,0.0,31.7016,0.0,0.0,0.0,0.9219,0.024,0.9129,0.0283
ISPY1_1218,ISPY1,17634,9.173,0.3906,0.3906,3.4091,512x512x44,1,1.0,0.0,9.173,0.0,0.0,0.0,18216,9.4757,0.3906,0.3906,3.4091,512x512x44,1,1.0,0.0,9.4757,0.0,0.0,0.0,0.7283,0.0525,0.743,0.049
ISPY1_1219,ISPY1,19251,23.4998,0.7812,0.7812,2.0,256x256x64,3,0.9725,0.0272,22.854,0.6458,49.93,40.11,19123,23.3435,0.7812,0.7812,2.0,256x256x64,1,1.0,0.0,23.3435,0.0,0.0,0.0,0.8667,0.1342,0.88,0.0163
ISPY1_1221,ISPY1,69321,78.8239,0.7031,0.7031,2.3,256x256x64,21,0.9952,0.0017,78.4452,0.3786,81.37,59.32,71198,80.9582,0.7031,0.7031,2.3,256x256x64,18,0.995,0.0013,80.5534,0.4048,76.81,56.42,0.4673,0.1451,0.4775,0.1516
ISPY1_1222,ISPY1,13909,22.4544,0.8984,0.8984,2.0,256x256x60,1,1.0,0.0,22.4544,0.0,0.0,0.0,13018,21.016,0.8984,0.8984,2.0,256x256x60,1,1.0,0.0,21.016,0.0,0.0,0.0,0.7956,0.02,0.8078,0.0189
ISPY1_1224,ISPY1,12281,5.6218,0.3906,0.3906,3.0,512x512x48,1,1.0,0.0,5.6218,0.0,0.0,0.0,11886,5.441,0.3906,0.3906,3.0,512x512x48,1,1.0,0.0,5.441,0.0,0.0,0.0,0.9219,0.0067,0.9291,0.0067
ISPY1_1225,ISPY1,3544,3.5042,0.7031,0.7031,2.0,256x256x64,1,1.0,0.0,3.5042,0.0,0.0,0.0,3559,3.519,0.7031,0.7031,2.0,256x256x64,1,1.0,0.0,3.519,0.0,0.0,0.0,0.8169,0.024,0.8147,0.024
ISPY1_1227,ISPY1,4205,8.5003,0.9375,0.9375,2.3,256x256x60,3,0.4987,0.4958,4.2391,4.2613,127.41,119.47,4235,8.561,0.9375,0.9375,2.3,256x256x60,1,1.0,0.0,8.561,0.0,0.0,0.0,0.438,0.7017,0.7284,0.0283
ISPY1_1230,ISPY1,51003,20.1767,0.3906,0.3906,2.5926,512x512x54,2,0.9999,0.0001,20.1747,0.002,41.2,16.17,49858,19.7237,0.3906,0.3906,2.5926,512x512x54,1,1.0,0.0,19.7237,0.0,0.0,0.0,0.8967,0.0189,0.8813,0.0275
ISPY1_1231,ISPY1,26365,50.9792,0.9375,0.9375,2.2,256x256x60,11,0.9695,0.0254,49.4227,1.5565,151.02,142.32,22937,44.3508,0.9375,0.9375,2.2,256x256x60,6,0.9989,0.0007,44.3006,0.0503,36.95,38.38,0.3734,0.1254,0.4126,0.08
ISPY1_1233,ISPY1,12657,5.7939,0.3906,0.3906,3.0,512x512x44,1,1.0,0.0,5.7939,0.0,0.0,0.0,12296,5.6287,0.3906,0.3906,3.0,512x512x44,1,1.0,0.0,5.6287,0.0,0.0,0.0,0.8324,0.0149,0.825,0.0149
ISPY1_1235,ISPY1,22999,10.5281,0.3906,0.3906,3.0,512x512x44,1,1.0,0.0,10.5281,0.0,0.0,0.0,23580,10.7941,0.3906,0.3906,3.0,512x512x44,2,1.0,0.0,10.7936,0.0005,30.93,16.15,0.8641,0.0163,0.8675,0.0133
ISPY1_1236,ISPY1,10224,4.6802,0.3906,0.3906,3.0,512x512x44,1,1.0,0.0,4.6802,0.0,0.0,0.0,9568,4.3799,0.3906,0.3906,3.0,512x512x44,1,1.0,0.0,4.3799,0.0,0.0,0.0,0.8089,0.0432,0.7856,0.0483
ISPY1_1238,ISPY1,20457,24.9719,0.7812,0.7812,2.0,256x256x64,1,1.0,0.0,24.9719,0.0,0.0,0.0,20899,25.5115,0.7812,0.7812,2.0,256x256x64,1,1.0,0.0,25.5115,0.0,0.0,0.0,0.9087,0.0149,0.9065,0.0133
ISPY2_105513,ISPY2,7731,6.0608,0.8854,0.8854,1.0,384x384x160,5,0.9494,0.0387,5.7543,0.3065,263.49,233.31,9500,7.4476,0.8854,0.8854,1.0,384x384x160,3,0.7466,0.2219,5.5606,1.887,263.2,233.05,0.9198,1.6756,0.8107,1.6774
ISPY2_108939,ISPY2,8188,4.9976,0.7812,0.7812,1.0,384x384x160,2,0.9874,0.0126,4.9347,0.0629,350.6,275.24,8042,4.9084,0.7812,0.7812,1.0,384x384x160,1,1.0,0.0,4.9084,0.0,0.0,0.0,0.8851,0.0267,0.8888,0.0189
ISPY2_108969,ISPY2,18598,18.3891,0.7031,0.7031,2.0,256x256x80,17,0.4988,0.4311,9.1718,9.2173,114.13,85.2,18284,18.0787,0.7031,0.7031,2.0,256x256x80,11,0.5369,0.4161,9.7068,8.3719,81.98,57.75,0.6073,0.3681,0.6389,0.3299
ISPY2_109874,ISPY2,7197,4.3052,0.5469,0.5469,2.0,256x256x80,1,1.0,0.0,4.3052,0.0,0.0,0.0,7222,4.3202,0.5469,0.5469,2.0,256x256x80,1,1.0,0.0,4.3202,0.0,0.0,0.0,0.8434,0.0221,0.8427,0.0211
ISPY2_109980,ISPY2,6569,8.0198,0.7813,0.7813,2.0,256x256x80,3,0.5062,0.4261,4.0594,3.9605,44.7,35.45,12242,14.9458,0.7813,0.7813,2.0,256x256x80,5,0.7009,0.2898,10.4762,4.4696,66.74,52.68,0.6835,0.0763,0.874,0.0133
ISPY2_111004,ISPY2,28586,31.0893,0.7031,0.7031,2.2,256x256x72,8,0.9624,0.0186,29.9212,1.168,66.45,69.82,26759,29.1023,0.7031,0.7031,2.2,256x256x72,7,0.9849,0.0092,28.6629,0.4394,66.98,47.49,0.872,0.1151,0.871,0.0846
ISPY2_111674,ISPY2,7937,17.4397,0.9375,0.9375,2.5,384x384x72,10,0.7499,0.1133,13.0781,4.3616,168.98,170.5,6829,15.0051,0.9375,0.9375,2.5,384x384x72,3,0.8681,0.0672,13.0254,1.9797,168.9,169.57,0.7621,0.9065,0.8333,0.9904
ISPY2_112606,ISPY2,20550,19.7297,0.8594,0.8594,1.3,384x384x160,7,0.7275,0.0977,14.3542,5.3755,264.82,232.04,14703,14.1161,0.8594,0.8594,1.3,384x384x160,3,0.9905,0.0086,13.9817,0.1344,272.21,238.66,0.7941,1.6709,0.9239,0.0133
ISPY2_115638,ISPY2,52734,40.2829,0.8333,0.8333,1.1,384x384x176,6,0.9385,0.0428,37.8056,2.4773,213.33,178.01,47845,36.5483,0.8333,0.8333,1.1,384x384x176,8,0.9346,0.0465,34.1573,2.391,51.52,43.85,0.8672,0.0476,0.8748,0.0511
ISPY2_117424,ISPY2,9490,5.0224,0.6641,0.6641,1.2,256x256x134,1,1.0,0.0,5.0224,0.0,0.0,0.0,9964,5.2733,0.6641,0.6641,1.2,256x256x134,1,1.0,0.0,5.2733,0.0,0.0,0.0,0.9102,0.0133,0.9099,0.0133
ISPY2_120422,ISPY2,8774,7.2891,0.9115,0.9115,1.0,384x384x160,20,0.9363,0.0195,6.8247,0.4644,245.96,224.22,8646,7.1827,0.9115,0.9115,1.0,384x384x160,2,0.9999,0.0001,7.1819,0.0008,236.21,215.3,0.8804,1.5293,0.9185,0.0115
ISPY2_123660,ISPY2,11920,9.9026,0.9115,0.9115,1.0,384x384x160,9,0.7939,0.0818,7.8614,2.0412,235.34,214.51,15483,12.8626,0.9115,0.9115,1.0,384x384x160,17,0.6055,0.3098,7.7883,5.0743,237.4,216.38,0.8047,1.4219,0.6861,1.4541
ISPY2_129973,ISPY2,4318,7.4965,0.8333,0.8333,2.5,256x256x64,2,0.9965,0.0035,7.4705,0.026,14.31,16.87,4170,7.2396,0.8333,0.8333,2.5,256x256x64,2,0.9981,0.0019,7.2257,0.0139,14.08,16.62,0.7534,0.1821,0.7367,0.1831
ISPY2_132463,ISPY2,115370,64.6961,0.6836,0.6836,1.2,320x320x150,4,0.9014,0.0554,58.3157,6.3805,173.36,136.48,120905,67.8,0.6836,0.6836,1.2,320x320x150,1,1.0,0.0,67.8,0.0,0.0,0.0,0.8329,0.8262,0.9491,0.0149
ISPY2_139771,ISPY2,156,0.112,0.5469,0.5469,2.4,312x312x78,3,0.7179,0.2756,0.0804,0.0316,43.41,27.87,0,0.0,0.5469,0.5469,2.4,312x312x78,0,0.0,0.0,0.0,0.0,0.0,0.0,0.0032,0.3941,0.0,1.0
ISPY2_141782,ISPY2,4511,5.5754,1.1719,1.1719,0.9,256x256x160,2,0.9929,0.0071,5.5359,0.0396,21.43,24.56,4656,5.7546,1.1719,1.1719,0.9,256x256x160,2,0.9884,0.0116,5.6879,0.0667,21.44,24.61,0.8506,0.0736,0.8627,0.0699
ISPY2_144302,ISPY2,5926,2.4414,0.5859,0.5859,1.2,256x256x134,2,0.9985,0.0015,2.4377,0.0037,13.26,8.06,5470,2.2536,0.5859,0.5859,1.2,256x256x134,2,0.9901,0.0099,2.2313,0.0222,44.85,26.29,0.2674,0.1164,0.2862,0.12
ISPY2_145777,ISPY2,7911,3.2592,0.5859,0.5859,1.2,256x256x134,1,1.0,0.0,3.2592,0.0,0.0,0.0,7810,3.2176,0.5859,0.5859,1.2,256x256x134,1,1.0,0.0,3.2176,0.0,0.0,0.0,0.9159,0.02,0.9153,0.02
ISPY2_151230,ISPY2,12767,12.6236,0.7031,0.7031,2.0,256x256x80,12,0.9059,0.0374,11.4351,1.1885,63.31,44.52,10921,10.7984,0.7031,0.7031,2.0,256x256x80,4,0.9525,0.0466,10.2852,0.5132,65.23,45.87,0.6102,0.1285,0.5387,0.1924
ISPY2_151980,ISPY2,7088,6.9411,0.9896,0.9896,1.0,384x384x160,22,0.7664,0.0475,5.3194,1.6217,238.09,235.66,5775,5.6553,0.9896,0.9896,1.0,384x384x160,3,0.9768,0.0218,5.5241,0.1312,226.12,223.78,0.5146,1.3973,0.5679,1.3135
ISPY2_152197,ISPY2,27182,21.2359,0.625,0.625,2.0,256x256x80,4,0.9992,0.0006,21.2188,0.0172,27.96,35.68,27202,21.2516,0.625,0.625,2.0,256x256x80,2,0.9995,0.0005,21.2406,0.0109,20.27,21.87,0.8802,0.0094,0.8796,0.0094
ISPY2_157270,ISPY2,19633,10.4386,0.7292,0.7292,1.0,256x256x160,9,0.8462,0.0711,8.8334,1.6052,36.62,35.05,20997,11.1638,0.7292,0.7292,1.0,256x256x160,3,0.8456,0.1522,9.4406,1.7232,32.3,26.49,0.4967,0.178,0.4729,0.1852
ISPY2_159352,ISPY2,5319,8.7654,1.1719,1.1719,1.2,256x256x160,6,0.7558,0.2068,6.6248,2.1407,170.45,200.61,4180,6.8884,1.1719,1.1719,1.2,256x256x160,4,0.9598,0.0366,6.6116,0.2769,174.8,205.87,0.7521,1.0688,0.8607,1.0827
ISPY2_166782,ISPY2,15141,30.6605,0.9,0.9,2.5,256x256x64,1,1.0,0.0,30.6605,0.0,0.0,0.0,15085,30.5471,0.9,0.9,2.5,256x256x64,1,1.0,0.0,30.5471,0.0,0.0,0.0,0.9475,0.0094,0.9466,0.0094
ISPY2_169536,ISPY2,6120,11.9946,0.8854,0.8854,2.5,384x384x72,9,0.4616,0.2649,5.5367,6.4579,134.86,119.62,3965,7.771,0.8854,0.8854,2.5,384x384x72,9,0.4275,0.3594,3.322,4.449,202.58,199.78,0.3637,1.1017,0.5154,0.9824
ISPY2_172168,ISPY2,10473,6.3922,0.7812,0.7812,1.0,384x384x160,4,0.8382,0.1559,5.3577,1.0345,197.58,159.69,9468,5.7788,0.7812,0.7812,1.0,384x384x160,2,0.9885,0.0115,5.7123,0.0665,165.05,129.11,0.8092,1.2285,0.8708,0.081
ISPY2_180027,ISPY2,17432,9.2256,0.6641,0.6641,1.2,256x256x134,1,1.0,0.0,9.2256,0.0,0.0,0.0,17725,9.3807,0.6641,0.6641,1.2,256x256x134,1,1.0,0.0,9.3807,0.0,0.0,0.0,0.9354,0.0149,0.9369,0.0133
ISPY2_182346,ISPY2,34317,26.8381,0.8073,0.8073,1.2,384x384x144,4,0.9656,0.0277,25.9137,0.9244,246.23,199.64,33943,26.5456,0.8073,0.8073,1.2,384x384x144,1,1.0,0.0,26.5456,0.0,0.0,0.0,0.8517,0.5445,0.8694,0.0335
ISPY2_188091,ISPY2,4457,4.4069,0.7031,0.7031,2.0,256x256x80,1,1.0,0.0,4.4069,0.0,0.0,0.0,4608,4.5563,0.7031,0.7031,2.0,256x256x80,1,1.0,0.0,4.5562,0.0,0.0,0.0,0.9427,0.0067,0.9503,0.0067
ISPY2_197942,ISPY2,77650,170.6177,0.9375,0.9375,2.5,384x384x72,30,0.8706,0.1168,148.5396,22.0781,228.55,214.39,54665,120.1135,0.9375,0.9375,2.5,384x384x72,23,0.8011,0.1762,96.2205,23.8931,223.91,209.92,0.1957,1.5887,0.2755,1.5754
ISPY2_201831,ISPY2,1966,1.2322,0.7227,0.7227,1.2,320x320x150,1,1.0,0.0,1.2322,0.0,0.0,0.0,2119,1.3281,0.7227,0.7227,1.2,320x320x150,1,1.0,0.0,1.3281,0.0,0.0,0.0,0.8559,0.0149,0.8517,0.0133
ISPY2_202535,ISPY2,44607,17.4246,0.625,0.625,1.0,256x256x160,1,1.0,0.0,17.4246,0.0,0.0,0.0,43705,17.0723,0.625,0.625,1.0,256x256x160,1,1.0,0.0,17.0723,0.0,0.0,0.0,0.9167,0.0094,0.9169,0.0094
ISPY2_208265,ISPY2,29015,15.4268,0.7292,0.7292,1.0,384x384x160,3,0.8532,0.0975,13.1629,2.2639,315.77,231.26,24483,13.0172,0.7292,0.7292,1.0,384x384x160,1,1.0,0.0,13.0172,0.0,0.0,0.0,0.8383,1.9741,0.9118,0.0133
ISPY2_212307,ISPY2,35467,31.1722,0.9375,0.9375,1.0,384x384x160,6,0.6834,0.3001,21.3021,9.8701,256.05,240.13,35749,31.42,0.9375,0.9375,1.0,384x384x160,8,0.7238,0.2701,22.7408,8.6792,252.68,237.19,0.7467,1.5529,0.7672,1.5538
ISPY2_213328,ISPY2,21332,15.6419,0.6055,0.6055,2.0,312x312x80,4,0.5257,0.4731,8.2228,7.4191,74.28,81.03,10104,7.4089,0.6055,0.6055,2.0,312x312x80,1,1.0,0.0,7.4089,0.0,0.0,0.0,0.4921,0.4904,0.8062,0.0211
ISPY2_220664,ISPY2,3285,3.0797,0.625,0.625,2.4,256x256x66,1,1.0,0.0,3.0797,0.0,0.0,0.0,3357,3.1472,0.625,0.625,2.4,256x256x66,1,1.0,0.0,3.1472,0.0,0.0,0.0,0.8816,0.0133,0.8725,0.0133
ISPY2_222135,ISPY2,20584,7.8912,0.5652,0.5652,1.2,256x256x134,2,0.9997,0.0003,7.8889,0.0023,23.12,13.82,22076,8.4632,0.5652,0.5652,1.2,256x256x134,2,0.9994,0.0006,8.4582,0.005,27.71,16.22,0.9077,0.0163,0.8847,0.0267
ISPY2_229824,ISPY2,17547,12.1854,0.8333,0.8333,1.0,384x384x160,10,0.9752,0.0117,11.8833,0.3021,274.21,228.69,16955,11.7743,0.8333,0.8333,1.0,384x384x160,4,0.9834,0.0124,11.5792,0.1951,239.77,199.86,0.7757,0.0917,0.7688,0.0667
ISPY2_236470,ISPY2,4465,4.8097,0.9896,0.9896,1.1,384x384x176,2,0.9239,0.0761,4.4435,0.3662,236.69,236.43,4701,5.0639,0.9896,0.9896,1.1,384x384x176,3,0.846,0.1523,4.284,0.7799,239.49,239.23,0.8661,1.5362,0.8182,1.4599
ISPY2_237158,ISPY2,80289,27.565,0.5859,0.5859,1.0,256x256x160,1,1.0,0.0,27.565,0.0,0.0,0.0,79919,27.438,0.5859,0.5859,1.0,256x256x160,1,1.0,0.0,27.438,0.0,0.0,0.0,0.9525,0.0149,0.9545,0.0149
ISPY2_241705,ISPY2,1568,1.5632,0.6445,0.6445,2.4,256x256x66,1,1.0,0.0,1.5632,0.0,0.0,0.0,1642,1.6369,0.6445,0.6445,2.4,256x256x66,1,1.0,0.0,1.6369,0.0,0.0,0.0,0.6971,0.0476,0.7104,0.042
ISPY2_253531,ISPY2,9818,5.2201,0.7292,0.7292,1.0,384x384x160,7,0.9283,0.0334,4.8458,0.3743,35.07,25.75,9303,4.9463,0.7292,0.7292,1.0,384x384x160,8,0.9235,0.0434,4.5677,0.3786,35.41,26.02,0.6632,0.1267,0.6873,0.1288
ISPY2_255388,ISPY2,12017,7.3346,0.7812,0.7812,1.0,384x384x160,2,0.9975,0.0025,7.3163,0.0183,329.39,260.22,11935,7.2845,0.7812,0.7812,1.0,384x384x160,1,1.0,0.0,7.2845,0.0,0.0,0.0,0.8746,0.02,0.8776,0.02
ISPY2_259899,ISPY2,45732,22.6092,0.7031,0.7031,1.0,320x320x180,7,0.996,0.0023,22.5187,0.0905,48.5,35.43,43305,21.4093,0.7031,0.7031,1.0,320x320x180,3,0.9988,0.0009,21.3841,0.0252,46.08,33.68,0.7544,0.1442,0.7343,0.178
ISPY2_262131,ISPY2,647177,383.9181,0.7031,0.7031,1.2,312x312x136,17,0.993,0.0054,381.2314,2.6867,139.66,105.04,503399,298.6262,0.7031,0.7031,1.2,312x312x136,18,0.9994,0.0001,298.4411,0.1851,105.86,74.74,0.7811,0.4395,0.8891,0.1172
ISPY2_264305,ISPY2,62259,25.8637,0.6445,0.6445,1.0,256x256x160,5,0.9987,0.0006,25.83,0.0336,67.2,49.53,63781,26.4959,0.6445,0.6445,1.0,256x256x160,2,0.9999,0.0001,26.4926,0.0033,46.57,32.09,0.8522,0.0447,0.8642,0.0481
ISPY2_266509,ISPY2,3940,5.2912,0.7813,0.7813,2.2,256x256x72,3,0.8863,0.1132,4.6896,0.6016,34.19,63.45,3408,4.5768,0.7813,0.7813,2.2,256x256x72,1,1.0,0.0,4.5768,0.0,0.0,0.0,0.8772,0.1781,0.932,0.0094
ISPY2_275034,ISPY2,673031,72.2983,0.3125,0.3125,1.1,320x320x160,2,0.9547,0.0453,69.0253,3.2729,88.53,70.91,30371,3.2625,0.3125,0.3125,1.1,320x320x160,1,1.0,0.0,3.2625,0.0,0.0,0.0,0.075,0.8322,0.8839,0.0189
ISPY2_282644,ISPY2,4194,4.0693,0.6641,0.6641,2.2,256x256x72,2,0.9988,0.0012,4.0644,0.0049,16.93,16.41,3815,3.7016,0.6641,0.6641,2.2,256x256x72,1,1.0,0.0,3.7016,0.0,0.0,0.0,0.8762,0.0163,0.8716,0.0298
ISPY2_283070,ISPY2,98980,68.7361,0.8333,0.8333,1.0,384x384x160,2,0.9977,0.0023,68.5799,0.1562,332.62,280.2,97924,68.0028,0.8333,0.8333,1.0,384x384x160,5,0.9979,0.0017,67.8569,0.1458,173.21,145.08,0.9514,0.0149,0.9493,0.0163
ISPY2_301289,ISPY2,6717,11.8868,0.8413,0.8413,2.5,256x256x64,1,1.0,0.0,11.8868,0.0,0.0,0.0,6851,12.1239,0.8413,0.8413,2.5,256x256x64,1,1.0,0.0,12.1239,0.0,0.0,0.0,0.8849,0.0267,0.8896,0.0267
ISPY2_301968,ISPY2,34790,25.4842,0.7813,0.7813,1.2,320x320x150,2,0.6074,0.3926,15.4795,10.0047,167.39,132.89,21103,15.4583,0.7813,0.7813,1.2,320x320x150,1,1.0,0.0,15.4583,0.0,0.0,0.0,0.7192,1.0972,0.9518,0.0067
ISPY2_307659,ISPY2,8222,2.6015,0.5625,0.5625,1.0,256x256x160,1,1.0,0.0,2.6015,0.0,0.0,0.0,8450,2.6736,0.5625,0.5625,1.0,256x256x160,1,1.0,0.0,2.6736,0.0,0.0,0.0,0.8812,0.0149,0.8847,0.0133
ISPY2_313672,ISPY2,5298,5.2816,0.6445,0.6445,2.4,256x256x66,1,1.0,0.0,5.2816,0.0,0.0,0.0,5376,5.3594,0.6445,0.6445,2.4,256x256x66,1,1.0,0.0,5.3594,0.0,0.0,0.0,0.9333,0.0149,0.9322,0.0149
ISPY2_317641,ISPY2,4435,3.4648,0.625,0.625,2.0,256x256x80,2,0.9299,0.0701,3.2219,0.243,31.92,20.82,4743,3.7055,0.625,0.625,2.0,256x256x80,3,0.91,0.0898,3.3719,0.3336,30.65,20.02,0.5504,0.0803,0.5804,0.0748
ISPY2_318293,ISPY2,3279,6.64,0.9,0.9,2.5,320x320x72,8,0.7505,0.1988,4.9835,1.6564,199.61,182.63,2824,5.7186,0.9,0.9,2.5,320x320x72,2,0.9975,0.0025,5.7044,0.0142,203.18,185.62,0.6567,0.7451,0.724,0.0365
ISPY2_318438,ISPY2,9884,15.2024,1.1719,1.1719,1.12,256x256x160,3,0.9773,0.0219,14.8579,0.3445,124.58,145.31,10404,16.0022,1.1719,1.1719,1.12,256x256x160,3,0.9876,0.0112,15.8038,0.1984,99.54,116.16,0.8563,0.6952,0.8418,0.0149
ISPY2_326433,ISPY2,16925,10.3302,0.7812,0.7812,1.0,384x384x160,6,0.6711,0.3033,6.933,3.3972,183.48,144.09,6950,4.2419,0.7812,0.7812,1.0,384x384x160,2,0.7329,0.2671,3.1091,1.1328,184.45,144.74,0.4288,1.2091,0.7783,1.1877
ISPY2_327142,ISPY2,20060,19.8347,0.7031,0.7031,2.0,256x256x80,4,0.9992,0.0005,19.8189,0.0158,26.88,20.89,20008,19.7833,0.7031,0.7031,2.0,256x256x80,1,1.0,0.0,19.7833,0.0,0.0,0.0,0.8025,0.0675,0.8084,0.0618
ISPY2_332655,ISPY2,7515,16.5125,0.9375,0.9375,2.5,384x384x72,5,0.8374,0.0896,13.8274,2.6851,194.25,191.8,6538,14.3657,0.9375,0.9375,2.5,384x384x72,4,0.9969,0.0021,14.3218,0.0439,154.43,155.64,0.8416,1.2116,0.9211,0.0189
ISPY2_345460,ISPY2,17124,8.4658,0.7031,0.7031,1.0,320x320x180,2,0.9932,0.0068,8.4085,0.0573,19.48,15.74,16896,8.3531,0.7031,0.7031,1.0,320x320x180,2,0.9966,0.0034,8.3249,0.0282,19.46,15.72,0.9162,0.0133,0.9221,0.0133
ISPY2_353318,ISPY2,18983,16.2912,0.5859,0.5859,2.5,256x256x64,1,1.0,0.0,16.2912,0.0,0.0,0.0,19018,16.3212,0.5859,0.5859,2.5,256x256x64,1,1.0,0.0,16.3212,0.0,0.0,0.0,0.9419,0.0067,0.9435,0.0067
ISPY2_356399,ISPY2,72229,58.3228,0.8203,0.8203,1.2,312x312x134,1,1.0,0.0,58.3228,0.0,0.0,0.0,73336,59.2167,0.8203,0.8203,1.2,312x312x134,1,1.0,0.0,59.2167,0.0,0.0,0.0,0.9194,0.0428,0.9223,0.0427
ISPY2_362150,ISPY2,26173,28.4649,0.7031,0.7031,2.2,256x256x72,1,1.0,0.0,28.4649,0.0,0.0,0.0,26280,28.5813,0.7031,0.7031,2.2,256x256x72,1,1.0,0.0,28.5813,0.0,0.0,0.0,0.9362,0.0133,0.9359,0.0133
ISPY2_374106,ISPY2,3666,1.7184,0.625,0.625,1.2,256x256x134,1,1.0,0.0,1.7184,0.0,0.0,0.0,3516,1.6481,0.625,0.625,1.2,256x256x134,1,1.0,0.0,1.6481,0.0,0.0,0.0,0.8482,0.0133,0.8608,0.0133
ISPY2_375342,ISPY2,32853,16.242,0.7031,0.7031,1.0,320x320x180,1,1.0,0.0,16.242,0.0,0.0,0.0,31224,15.4367,0.7031,0.7031,1.0,320x320x180,3,0.9999,0.0001,15.4352,0.0015,35.4,25.38,0.9258,0.0422,0.9452,0.0115
ISPY2_409288,ISPY2,9968,9.7344,0.625,0.625,2.5,256x256x64,1,1.0,0.0,9.7344,0.0,0.0,0.0,10017,9.7822,0.625,0.625,2.5,256x256x64,1,1.0,0.0,9.7822,0.0,0.0,0.0,0.9312,0.0133,0.9342,0.0115
ISPY2_418593,ISPY2,15327,12.733,0.9115,0.9115,1.0,384x384x176,15,0.8076,0.1038,10.2831,2.4499,249.48,229.04,16024,13.312,0.9115,0.9115,1.0,384x384x176,13,0.81,0.1055,10.7824,2.5297,215.91,197.02,0.7214,0.9648,0.7255,1.2707
ISPY2_427321,ISPY2,75158,96.3947,0.8008,0.8008,2.0,256x256x100,1,1.0,0.0,96.3947,0.0,0.0,0.0,75474,96.8,0.8008,0.8008,2.0,256x256x100,2,1.0,0.0,96.7988,0.0013,46.32,37.17,0.9701,0.0067,0.9674,0.0067
ISPY2_435313,ISPY2,5595,12.2937,0.9375,0.9375,2.5,384x384x72,6,0.7192,0.2266,8.8418,3.4519,253.49,241.13,5811,12.7683,0.9375,0.9375,2.5,384x384x72,6,0.6582,0.3333,8.4045,4.3638,248.94,233.42,0.7722,1.4682,0.7259,1.5961
ISPY2_443708,ISPY2,131357,104.278,0.6641,0.6641,1.8,256x256x88,3,0.9997,0.0003,104.2486,0.0294,41.37,33.94,129409,102.7316,0.6641,0.6641,1.8,256x256x88,3,0.9998,0.0002,102.7085,0.023,52.14,37.02,0.9425,0.0149,0.936,0.0163
ISPY2_453596,ISPY2,14965,16.2755,0.7031,0.7031,2.2,256x256x72,1,1.0,0.0,16.2755,0.0,0.0,0.0,15053,16.3712,0.7031,0.7031,2.2,256x256x72,1,1.0,0.0,16.3712,0.0,0.0,0.0,0.9547,0.0067,0.9514,0.0067
ISPY2_467622,ISPY2,11037,22.3499,0.9,0.9,2.5,256x256x64,2,0.9997,0.0003,22.3438,0.0061,32.42,29.19,10714,21.6958,0.9,0.9,2.5,256x256x64,2,0.9981,0.0019,21.6553,0.0405,32.72,29.45,0.9275,0.0094,0.9253,0.0094
ISPY2_495440,ISPY2,64490,63.7657,0.7031,0.7031,2.0,256x256x80,12,0.9849,0.0129,62.8057,0.9601,79.36,56.39,63627,62.9124,0.7031,0.7031,2.0,256x256x80,10,0.9727,0.0229,61.194,1.7185,79.08,55.61,0.8613,0.0359,0.8676,0.0267
ISPY2_501303,ISPY2,14811,7.8385,0.6641,0.6641,1.2,256x256x128,1,1.0,0.0,7.8385,0.0,0.0,0.0,14426,7.6347,0.6641,0.6641,1.2,256x256x128,1,1.0,0.0,7.6347,0.0,0.0,0.0,0.7571,0.1523,0.7544,0.1586
ISPY2_516763,ISPY2,17231,14.8079,0.625,0.625,2.2,256x256x72,4,0.9919,0.0062,14.6884,0.1195,57.49,37.35,20026,17.2098,0.625,0.625,2.2,256x256x72,3,0.9882,0.0113,17.007,0.2028,37.81,35.24,0.7182,0.0908,0.7863,0.0712
ISPY2_520471,ISPY2,17559,13.7656,0.8854,0.8854,1.0,384x384x160,4,0.704,0.2955,9.6913,4.0743,219.55,194.52,16578,12.9965,0.8854,0.8854,1.0,384x384x160,9,0.76,0.2158,9.8779,3.1186,224.51,198.85,0.7613,1.3796,0.798,1.4152
ISPY2_527581,ISPY2,33395,27.8292,0.8333,0.8333,1.2,384x384x144,25,0.6849,0.2961,19.06,8.7692,228.07,190.49,10136,8.4467,0.8333,0.8333,1.2,384x384x144,8,0.9669,0.0209,8.1667,0.28,199.38,166.37,0.4109,1.36,0.7681,1.1608
ISPY2_531988,ISPY2,5509,5.9914,0.7031,0.7031,2.2,256x256x72,2,0.998,0.002,5.9795,0.012,120.19,127.61,5050,5.4922,0.7031,0.7031,2.2,256x256x72,1,1.0,0.0,5.4922,0.0,0.0,0.0,0.5847,0.1494,0.5679,0.1482
ISPY2_532183,ISPY2,97655,51.6824,0.6641,0.6641,1.2,256x256x134,2,1.0,0.0,51.6819,0.0005,42.35,31.1,98574,52.1688,0.6641,0.6641,1.2,256x256x134,1,1.0,0.0,52.1688,0.0,0.0,0.0,0.9213,0.0333,0.9147,0.0283
ISPY2_539904,ISPY2,8379,6.144,0.6055,0.6055,2.0,256x256x80,1,1.0,0.0,6.144,0.0,0.0,0.0,8359,6.1293,0.6055,0.6055,2.0,256x256x80,1,1.0,0.0,6.1293,0.0,0.0,0.0,0.8643,0.02,0.8656,0.02
ISPY2_550421,ISPY2,263742,124.8673,0.6881,0.6881,1.0,256x256x160,2,1.0,0.0,124.8645,0.0028,62.09,42.82,261739,123.919,0.6881,0.6881,1.0,256x256x160,1,1.0,0.0,123.919,0.0,0.0,0.0,0.9491,0.0211,0.9494,0.0221
ISPY2_564701,ISPY2,15637,10.859,0.8333,0.8333,1.0,384x384x160,7,0.9144,0.043,9.9292,0.9299,250.82,210.1,14727,10.2271,0.8333,0.8333,1.0,384x384x160,3,0.9512,0.0487,9.7278,0.4993,289.19,242.69,0.7605,1.475,0.7804,1.7326
ISPY2_573919,ISPY2,7846,5.3867,0.5859,0.5859,2.0,256x256x80,1,1.0,0.0,5.3867,0.0,0.0,0.0,8054,5.5295,0.5859,0.5859,2.0,256x256x80,1,1.0,0.0,5.5295,0.0,0.0,0.0,0.8454,0.0346,0.8436,0.0306
ISPY2_579881,ISPY2,69211,35.6936,0.5078,0.5078,2.0,256x256x80,5,0.9992,0.0007,35.6637,0.0299,73.53,37.5,59235,30.5488,0.5078,0.5078,2.0,256x256x80,3,0.999,0.0009,30.5168,0.032,67.11,34.96,0.8123,0.0596,0.747,0.0724
ISPY2_597253,ISPY2,19473,6.1614,0.5625,0.5625,1.0,256x256x160,2,0.9994,0.0006,6.1579,0.0035,28.21,16.25,21391,6.7682,0.5625,0.5625,1.0,256x256x160,1,1.0,0.0,6.7682,0.0,0.0,0.0,0.7534,0.0718,0.7933,0.0618
ISPY2_597873,ISPY2,293986,269.4604,0.6055,0.6055,2.5,256x256x64,21,0.9965,0.0012,268.5191,0.9413,87.92,72.16,234495,214.9324,0.6055,0.6055,2.5,256x256x64,40,0.99,0.0056,212.7794,2.153,87.16,69.76,0.7939,0.0411,0.8748,0.024
ISPY2_598835,ISPY2,38794,18.1847,0.625,0.625,1.2,256x256x134,1,1.0,0.0,18.1847,0.0,0.0,0.0,38761,18.1692,0.625,0.625,1.2,256x256x134,1,1.0,0.0,18.1692,0.0,0.0,0.0,0.9509,0.0094,0.948,0.0094
ISPY2_622078,ISPY2,136582,144.0513,0.9375,0.9375,1.2,384x384x144,5,0.984,0.0158,141.7437,2.3077,131.13,124.35,137260,144.7664,0.9375,0.9375,1.2,384x384x144,7,0.9863,0.0133,142.7836,1.9828,143.64,136.44,0.9111,0.6077,0.9117,0.6084
ISPY2_624777,ISPY2,10753,5.3161,0.7031,0.7031,1.0,256x256x160,1,1.0,0.0,5.3161,0.0,0.0,0.0,10220,5.0526,0.7031,0.7031,1.0,256x256x160,1,1.0,0.0,5.0526,0.0,0.0,0.0,0.7677,0.0249,0.7786,0.0249
ISPY2_628788,ISPY2,57268,23.7903,0.6445,0.6445,1.0,256x256x158,1,1.0,0.0,23.7903,0.0,0.0,0.0,52602,21.852,0.6445,0.6445,1.0,256x256x158,1,1.0,0.0,21.852,0.0,0.0,0.0,0.8294,0.0596,0.8599,0.0402
ISPY2_631337,ISPY2,260513,199.003,0.8333,0.8333,1.1,384x384x176,24,0.8431,0.1324,167.7806,31.2224,254.13,214.81,227219,173.5701,0.8333,0.8333,1.1,384x384x176,14,0.9763,0.0185,169.4611,4.109,205.11,172.73,0.8332,1.0448,0.8975,0.0577
ISPY2_638126,ISPY2,70446,94.6051,0.7813,0.7813,2.2,256x256x72,18,0.99,0.0026,93.6557,0.9495,73.75,62.02,68811,92.4094,0.7813,0.7813,2.2,256x256x72,19,0.9951,0.0022,91.9542,0.4553,76.69,60.84,0.5788,0.1854,0.6176,0.1673
ISPY2_639663,ISPY2,28610,49.6701,0.8333,0.8333,2.5,384x384x72,4,0.6814,0.2987,33.8437,15.8264,215.48,181.07,22662,39.3437,0.8333,0.8333,2.5,384x384x72,10,0.8854,0.1078,34.8368,4.5069,227.11,191.51,0.7277,1.2444,0.8309,1.2283
ISPY2_641246,ISPY2,54116,33.0298,0.7812,0.7812,1.0,384x384x176,14,0.9041,0.0913,29.8621,3.1677,237.17,185.31,38157,23.2892,0.7812,0.7812,1.0,384x384x176,22,0.8693,0.1239,20.2448,3.0444,235.66,184.15,0.1364,1.5392,0.1845,1.5132
ISPY2_654021,ISPY2,1492,1.094,0.6055,0.6055,2.0,256x256x80,1,1.0,0.0,1.094,0.0,0.0,0.0,1749,1.2825,0.6055,0.6055,2.0,256x256x80,1,1.0,0.0,1.2825,0.0,0.0,0.0,0.834,0.0115,0.7815,0.0149
ISPY2_664111,ISPY2,3946,4.2915,0.7031,0.7031,2.2,256x256x72,1,1.0,0.0,4.2915,0.0,0.0,0.0,4024,4.3764,0.7031,0.7031,2.2,256x256x72,1,1.0,0.0,4.3764,0.0,0.0,0.0,0.8867,0.1036,0.892,0.1022
ISPY2_666450,ISPY2,13582,10.6109,0.625,0.625,2.0,256x256x80,8,0.5105,0.2551,5.4164,5.1945,68.94,53.5,7164,5.5969,0.625,0.625,2.0,256x256x80,3,0.9803,0.018,5.4867,0.1102,45.29,28.34,0.3817,0.174,0.2198,0.2391
ISPY2_685795,ISPY2,8966,5.9268,0.7422,0.7422,1.2,256x256x134,2,0.8936,0.1064,5.2962,0.6306,154.93,126.97,8464,5.595,0.7422,0.7422,1.2,256x256x134,1,1.0,0.0,5.595,0.0,0.0,0.0,0.8624,0.9278,0.918,0.0094
ISPY2_689452,ISPY2,3005,6.0851,0.9,0.9,2.5,256x256x64,3,0.5973,0.3997,3.6349,2.4502,47.7,43.11,3235,6.5509,0.9,0.9,2.5,256x256x64,3,0.596,0.4012,3.9042,2.6467,47.53,42.98,0.6433,0.0467,0.6704,0.0383
ISPY2_725455,ISPY2,11861,24.4329,1.1719,1.1719,1.5,256x256x160,2,0.9865,0.0135,24.1033,0.3296,127.98,153.66,11477,23.6419,1.1719,1.1719,1.5,256x256x160,2,0.9999,0.0001,23.6398,0.0021,14.53,17.74,0.9569,0.7463,0.9631,0.0067
ISPY2_726940,ISPY2,13013,9.5419,0.6055,0.6055,2.0,256x256x80,1,1.0,0.0,9.5419,0.0,0.0,0.0,13260,9.723,0.6055,0.6055,2.0,256x256x80,1,1.0,0.0,9.723,0.0,0.0,0.0,0.9272,0.0133,0.9277,0.0115
ISPY2_727255,ISPY2,38583,26.4895,0.5859,0.5859,2.0,256x256x80,4,0.9958,0.002,26.3789,0.1105,30.5,22.9,38806,26.6426,0.5859,0.5859,2.0,256x256x80,2,0.9987,0.0013,26.6089,0.0336,29.97,19.32,0.9161,0.0189,0.9184,0.0163
ISPY2_736721,ISPY2,38722,13.2941,0.5859,0.5859,1.0,256x256x160,1,1.0,0.0,13.2941,0.0,0.0,0.0,39253,13.4764,0.5859,0.5859,1.0,256x256x160,1,1.0,0.0,13.4764,0.0,0.0,0.0,0.9222,0.034,0.9281,0.0249
ISPY2_745633,ISPY2,11814,23.9233,0.9,0.9,2.5,320x320x72,3,0.7709,0.2234,18.4437,5.4796,239.36,219.17,2671,5.4088,0.9,0.9,2.5,320x320x72,1,1.0,0.0,5.4088,0.0,0.0,0.0,0.3273,0.4991,0.9032,0.0133
ISPY2_783578,ISPY2,3877,2.6924,0.8333,0.8333,1.0,256x256x160,1,1.0,0.0,2.6924,0.0,0.0,0.0,3853,2.6757,0.8333,0.8333,1.0,256x256x160,1,1.0,0.0,2.6757,0.0,0.0,0.0,0.8835,0.0149,0.8831,0.0149
ISPY2_783771,ISPY2,21186,22.4247,0.6641,0.6641,2.4,256x256x66,1,1.0,0.0,22.4247,0.0,0.0,0.0,22080,23.371,0.6641,0.6641,2.4,256x256x66,1,1.0,0.0,23.371,0.0,0.0,0.0,0.8938,0.0133,0.8733,0.0163
ISPY2_791321,ISPY2,35979,37.9466,0.9375,0.9375,1.2,384x384x144,4,0.6198,0.2384,23.5195,14.4271,142.89,136.45,32669,34.4556,0.9375,0.9375,1.2,384x384x144,3,0.6821,0.1844,23.5027,10.9529,145.32,138.54,0.7243,0.8921,0.7651,0.9005
ISPY2_793155,ISPY2,9649,4.0084,0.6445,0.6445,1.0,256x256x160,1,1.0,0.0,4.0084,0.0,0.0,0.0,9788,4.0661,0.6445,0.6445,1.0,256x256x160,1,1.0,0.0,4.0661,0.0,0.0,0.0,0.8732,0.0133,0.8668,0.0133
ISPY2_801641,ISPY2,36535,14.2715,0.625,0.625,1.0,256x256x126,9,0.9628,0.021,13.7402,0.5312,45.08,37.97,31656,12.3656,0.625,0.625,1.0,256x256x126,6,0.9317,0.0452,11.5211,0.8445,40.54,38.9,0.8257,0.0876,0.8431,0.0867
ISPY2_814299,ISPY2,1794,1.4904,0.6445,0.6445,2.0,256x256x80,3,0.869,0.1126,1.2952,0.1952,56.07,102.61,1459,1.2121,0.6445,0.6445,2.0,256x256x80,1,1.0,0.0,1.2121,0.0,0.0,0.0,0.6355,0.3061,0.6444,0.2018
ISPY2_828199,ISPY2,16348,11.2238,0.5859,0.5859,2.0,256x256x90,26,0.2335,0.1738,2.6206,8.6033,76.89,62.67,16872,11.5836,0.5859,0.5859,2.0,256x256x90,26,0.3106,0.2226,3.5982,7.9854,49.81,65.8,0.7956,0.099,0.798,0.0966
ISPY2_830486,ISPY2,35922,13.7555,0.6188,0.6188,1.0,256x256x160,2,1.0,0.0,13.7552,0.0004,24.68,15.28,36209,13.8654,0.6188,0.6188,1.0,256x256x160,2,1.0,0.0,13.8651,0.0004,21.63,17.09,0.9417,0.0133,0.9431,0.0149
ISPY2_846156,ISPY2,44736,31.0667,0.8333,0.8333,1.0,384x384x160,17,0.9116,0.0292,28.3201,2.7465,237.49,198.52,47550,33.0208,0.8333,0.8333,1.0,384x384x160,15,0.8774,0.0355,28.9708,4.05,238.37,199.26,0.855,1.3875,0.8365,1.374
ISPY2_859699,ISPY2,3848,4.287,0.9635,0.9635,1.2,384x384x144,2,0.9925,0.0075,4.2547,0.0323,17.41,17.95,3939,4.3884,0.9635,0.9635,1.2,384x384x144,2,0.838,0.162,3.6776,0.7108,203.27,196.25,0.8037,0.02,0.6956,1.2894
ISPY2_863161,ISPY2,34668,25.6032,0.8594,0.8594,1.0,384x384x160,13,0.6059,0.3679,15.512,10.0912,247.05,212.37,33516,24.7524,0.8594,0.8594,1.0,384x384x160,18,0.6288,0.3553,15.5644,9.188,247.64,213.21,0.722,1.4894,0.7393,1.5059
ISPY2_870077,ISPY2,8347,9.0779,0.7031,0.7031,2.2,256x256x72,1,1.0,0.0,9.0779,0.0,0.0,0.0,8443,9.1823,0.7031,0.7031,2.2,256x256x72,1,1.0,0.0,9.1823,0.0,0.0,0.0,0.9176,0.0094,0.9162,0.0094
ISPY2_872188,ISPY2,9257,10.0676,0.7031,0.7031,2.2,256x256x72,1,1.0,0.0,10.0676,0.0,0.0,0.0,9466,10.2949,0.7031,0.7031,2.2,256x256x72,1,1.0,0.0,10.2949,0.0,0.0,0.0,0.9404,0.0094,0.9429,0.0094
ISPY2_877463,ISPY2,83850,66.5314,0.7812,0.7812,1.3,384x384x160,21,0.5448,0.4286,36.2435,30.2878,278.25,228.17,57831,45.8864,0.7812,0.7812,1.3,384x384x160,13,0.5845,0.4107,26.8204,19.066,244.08,194.53,0.5523,1.5141,0.6894,1.4831
ISPY2_887594,ISPY2,66885,26.127,0.625,0.625,1.0,256x256x160,1,1.0,0.0,26.127,0.0,0.0,0.0,65546,25.6039,0.625,0.625,1.0,256x256x160,1,1.0,0.0,25.6039,0.0,0.0,0.0,0.8492,0.1438,0.8584,0.1103
ISPY2_894673,ISPY2,14964,11.0513,0.8594,0.8594,1.0,384x384x160,10,0.4765,0.2076,5.2657,5.7856,268.63,230.88,24507,18.099,0.8594,0.8594,1.0,384x384x160,14,0.6239,0.2574,11.2928,6.8062,283.16,246.54,0.6003,1.6971,0.3853,1.3851
ISPY2_896621,ISPY2,7339,5.0965,0.8333,0.8333,1.0,384x384x160,4,0.9787,0.0124,4.9882,0.1083,258.53,215.56,6685,4.6424,0.8333,0.8333,1.0,384x384x160,2,0.9994,0.0006,4.6396,0.0028,29.7,27.62,0.8636,0.028,0.8908,0.0133
ISPY2_916586,ISPY2,14737,15.5429,0.9375,0.9375,1.2,384x384x144,4,0.8194,0.1802,12.7364,2.8065,225.47,211.38,19210,20.2605,0.9375,0.9375,1.2,384x384x144,5,0.6769,0.3068,13.7152,6.5454,205.32,192.81,0.7861,1.1659,0.7089,1.2045
ISPY2_930172,ISPY2,142668,75.5048,0.6641,0.6641,1.2,256x256x116,2,1.0,0.0,75.5027,0.0021,56.59,38.59,143467,75.9277,0.6641,0.6641,1.2,256x256x116,5,0.9986,0.001,75.8245,0.1032,54.21,38.54,0.9294,0.0521,0.9215,0.0585
ISPY2_960490,ISPY2,36436,28.5645,0.8854,0.8854,1.0,384x384x160,2,0.9745,0.0255,27.8354,0.7291,181.68,161.64,37110,29.0929,0.8854,0.8854,1.0,384x384x160,2,0.9757,0.0243,28.3865,0.7064,181.25,161.27,0.9452,1.0162,0.9474,1.0119
ISPY2_962472,ISPY2,24724,50.0661,0.9,0.9,2.5,256x256x64,1,1.0,0.0,50.0661,0.0,0.0,0.0,27653,55.9973,0.9,0.9,2.5,256x256x64,1,1.0,0.0,55.9973,0.0,0.0,0.0,0.8278,0.0825,0.875,0.034
ISPY2_973837,ISPY2,38099,15.8271,0.6445,0.6445,1.0,256x256x160,3,0.999,0.0009,15.8113,0.0158,36.65,24.74,29028,12.0588,0.6445,0.6445,1.0,256x256x160,1,1.0,0.0,12.0588,0.0,0.0,0.0,0.7462,0.1026,0.8568,0.0249
ISPY2_981461,ISPY2,12893,5.9503,0.6793,0.6793,1.0,256x256x160,1,1.0,0.0,5.9503,0.0,0.0,0.0,12523,5.7795,0.6793,0.6793,1.0,256x256x160,1,1.0,0.0,5.7795,0.0,0.0,0.0,0.9098,0.0133,0.9063,0.0149
ISPY2_981664,ISPY2,25841,12.4619,0.6944,0.6944,1.0,256x256x160,2,0.827,0.173,10.3062,2.1557,58.5,42.01,26105,12.5892,0.6944,0.6944,1.0,256x256x160,2,0.8269,0.1731,10.4099,2.1793,57.32,41.25,0.8028,0.3847,0.7919,0.3929
ISPY2_986734,ISPY2,67176,32.3958,0.6944,0.6944,1.0,256x256x160,7,0.6068,0.3751,19.6571,12.7387,86.7,62.29,74662,36.006,0.6944,0.6944,1.0,256x256x160,13,0.9606,0.0262,34.5872,1.4188,62.53,48.44,0.901,0.0163,0.8947,0.1143
ISPY2_991818,ISPY2,4303,2.9543,0.5859,0.5859,2.0,320x320x90,3,0.9949,0.0046,2.9392,0.0151,13.07,12.95,4303,2.9543,0.5859,0.5859,2.0,320x320x90,3,0.9805,0.0172,2.8966,0.0577,36.31,23.74,0.8945,0.0115,0.888,0.0121
NACT_02,NACT,52925,52.3306,0.7031,0.7031,2.0,256x256x60,2,1.0,0.0,52.3286,0.002,19.37,16.12,52452,51.8629,0.7031,0.7031,2.0,256x256x60,1,1.0,0.0,51.8629,0.0,0.0,0.0,0.9439,0.0149,0.9405,0.0149
NACT_08,NACT,40224,39.7723,0.7031,0.7031,2.0,256x256x60,2,0.9997,0.0003,39.7614,0.0109,45.36,31.93,37063,36.6468,0.7031,0.7031,2.0,256x256x60,2,1.0,0.0,36.6458,0.001,25.8,31.15,0.6545,0.0892,0.6185,0.1002
NACT_09,NACT,25734,25.445,0.7031,0.7031,2.0,256x256x60,1,1.0,0.0,25.445,0.0,0.0,0.0,30203,29.8638,0.7031,0.7031,2.0,256x256x60,2,0.9941,0.0059,29.6868,0.177,23.13,35.08,0.9258,0.0211,0.9209,0.0094
NACT_13,NACT,40587,59.9491,0.8594,0.8594,2.0,256x256x60,7,0.9924,0.006,59.4941,0.4549,44.84,38.71,40857,60.3479,0.8594,0.8594,2.0,256x256x60,7,0.9983,0.0008,60.243,0.1049,54.78,47.65,0.815,0.0291,0.8226,0.024
NACT_17,NACT,6294,6.2233,0.7031,0.7031,2.0,256x256x60,2,0.6352,0.3648,3.9531,2.2702,108.23,78.38,2558,2.5293,0.7031,0.7031,2.0,256x256x60,5,0.9578,0.0403,2.4225,0.1068,37.13,28.68,0.4736,0.5569,0.3979,0.1315
NACT_18,NACT,21392,31.5971,0.8594,0.8594,2.0,256x256x60,1,1.0,0.0,31.5971,0.0,0.0,0.0,24263,35.8377,0.8594,0.8594,2.0,256x256x60,2,1.0,0.0,35.8362,0.0015,24.49,21.21,0.7552,0.0283,0.6994,0.0333
NACT_27,NACT,8713,8.6151,0.7031,0.7031,2.0,256x256x60,1,1.0,0.0,8.6151,0.0,0.0,0.0,8657,8.5598,0.7031,0.7031,2.0,256x256x60,1,1.0,0.0,8.5598,0.0,0.0,0.0,0.9237,0.0149,0.9179,0.0149
NACT_28,NACT,31424,38.3594,0.7812,0.7812,2.0,256x256x60,8,0.9963,0.0028,38.2166,0.1428,32.17,33.48,35005,42.7307,0.7812,0.7812,2.0,256x256x60,5,0.9987,0.0011,42.677,0.0537,26.02,31.57,0.7878,0.0508,0.8148,0.0406
NACT_29,NACT,66553,65.8056,0.7031,0.7031,2.0,256x256x60,10,0.996,0.0021,65.5416,0.264,51.83,43.79,75824,74.9725,0.7031,0.7031,2.0,256x256x60,2,0.9999,0.0001,74.9616,0.0109,55.56,45.39,0.7475,0.1563,0.7912,0.1714
NACT_32,NACT,9876,9.7651,0.7031,0.7031,2.0,256x256x60,1,1.0,0.0,9.7651,0.0,0.0,0.0,10060,9.947,0.7031,0.7031,2.0,256x256x60,1,1.0,0.0,9.947,0.0,0.0,0.0,0.9397,0.0094,0.9389,0.0094
NACT_39,NACT,36473,36.0634,0.7031,0.7031,2.0,256x256x60,7,0.9959,0.0027,35.9161,0.1473,41.91,34.2,32034,31.6742,0.7031,0.7031,2.0,256x256x60,1,1.0,0.0,31.6742,0.0,0.0,0.0,0.8512,0.0667,0.9044,0.0189
NACT_41,NACT,14743,14.5774,0.7031,0.7031,2.0,256x256x60,1,1.0,0.0,14.5774,0.0,0.0,0.0,15137,14.967,0.7031,0.7031,2.0,256x256x60,1,1.0,0.0,14.967,0.0,0.0,0.0,0.9547,0.0094,0.9487,0.0133
NACT_44,NACT,22751,22.4955,0.7031,0.7031,2.0,256x256x60,1,1.0,0.0,22.4955,0.0,0.0,0.0,23052,22.7931,0.7031,0.7031,2.0,256x256x60,1,1.0,0.0,22.7931,0.0,0.0,0.0,0.9414,0.0067,0.9358,0.0094
NACT_55,NACT,9125,12.2528,0.7812,0.7812,2.2,256x256x60,3,0.9333,0.0665,11.4351,0.8177,54.61,46.69,8747,11.7452,0.7812,0.7812,2.2,256x256x60,1,1.0,0.0,11.7452,0.0,0.0,0.0,0.8788,0.2235,0.9068,0.0067
NACT_57,NACT,41247,50.3503,0.7812,0.7812,2.0,256x256x60,1,1.0,0.0,50.3503,0.0,0.0,0.0,39877,48.678,0.7812,0.7812,2.0,256x256x60,1,1.0,0.0,48.678,0.0,0.0,0.0,0.9282,0.0133,0.929,0.0133
NACT_60,NACT,4900,5.0872,0.7031,0.7031,2.1,256x256x60,1,1.0,0.0,5.0872,0.0,0.0,0.0,2865,2.9745,0.7031,0.7031,2.1,256x256x60,1,1.0,0.0,2.9745,0.0,0.0,0.0,0.8449,0.02,0.8088,0.02
NACT_67,NACT,15756,19.2334,0.7812,0.7812,2.0,256x256x60,1,1.0,0.0,19.2334,0.0,0.0,0.0,15108,18.4424,0.7812,0.7812,2.0,256x256x60,1,1.0,0.0,18.4424,0.0,0.0,0.0,0.615,0.0927,0.6335,0.0825
